Date,Tim_Trend_2,Abraham Trading Company _Diversified Program_6,Dunn Capital Management _World Monetary & Agriculture Program_81,Eckhardt Trading Company _ Evolution Strategy_84,EMC Capital _ EMC Classic Program_92,Insch_Kintillo_111,Japan - DFA Japan_DFJSX_114,Kerrisdale Capital_Research Activism_121,MAK Capital _ Multi-Strategy_140,Mark J. Walsh _ Standard Program_142,Millburn Ridgefield _ Diversified Program_146,Rabar Market Research_Diversified Program_165,Whale Rock_Long/Short Equity_214,Winton Capital_Futures Program_215
1980-01-31,,,,,,,,,,,0.2046,,,
1980-02-29,,,,,,,,,,,0.0415,,,
1980-03-31,,,,,,,,,,,0.0941,,,
1980-04-30,,,,,,,,,,,-0.0184,,,
1980-05-31,,,,,,,,,,,0.0476,,,
1980-06-30,,,,,,,,,,,0.0342,,,
1980-07-31,,,,,,,,,,,0.0189,,,
1980-08-31,,,,,,,,,,,-0.0145,,,
1980-09-30,,,,,,,,,,,-0.0086,,,
1980-10-31,,,,,,,,,,,0.0768,,,
1980-11-30,,,,,,,,,,,0.042,,,
1980-12-31,,,,,,,,,,,0.0594,,,
1981-01-31,,,,,,,,,,,0.1141,,,
1981-02-28,,,,,,,,,,,0.1037,,,
1981-03-31,,,,,,,,,,,-0.0734,,,
1981-04-30,,,,,,,,,,,0.0908,,,
1981-05-31,,,,,,,,,,,0.076,,,
1981-06-30,,,,,,,,,,,0.1024,,,
1981-07-31,,,,,,,,,,,0.066,,,
1981-08-31,,,,,,,,,,,0.0029,,,
1981-09-30,,,,,,,,,,,-0.0257,,,
1981-10-31,,,,,,,,,,,-0.0339,,,
1981-11-30,,,,,,,,,,,0.0737,,,
1981-12-31,,,,,,,,,,,-0.0769,,,
1982-01-31,,,,,,,,,,,0.0434,,,
1982-02-28,,,,,,,,,,,0.0856,,,
1982-03-31,,,,,,,,,,,0.0984,,,
1982-04-30,,,,,,,,,,,-0.003,,,
1982-05-31,,,,,,,,,,,0.0004,,,
1982-06-30,,,,,,,,,,,0.0867,,,
1982-07-31,,,,,,,,,,,-0.0824,,,
1982-08-31,,,,,,,,,,,0.032,,,
1982-09-30,,,,,,,,,,,0.0684,,,
1982-10-31,,,,,,,,,,,-0.0272,,,
1982-11-30,,,,,,,,,,,-0.015,,,
1982-12-31,,,,,,,,,,,0.05,,,
1983-01-31,,,,,,,,,,,0.0594,,,
1983-02-28,,,,,,,,,,,-0.0065,,,
1983-03-31,,,,,,,,,,,-0.0124,,,
1983-04-30,,,,,,,,,,,0.0022,,,
1983-05-31,,,,,,,,,,,0.0161,,,
1983-06-30,,,,,,,,,,,-0.0514,,,
1983-07-31,,,,,,,,,,,-0.0025,,,
1983-08-31,,,,,,,,,,,0.0525,,,
1983-09-30,,,,,,,,,,,-0.0104,,,
1983-10-31,,,,,,,,,,,0.021,,,
1983-11-30,,,,,,,,,,,-0.0496,,,
1983-12-31,,,,,,,,,,,-0.0215,,,
1984-01-31,,,,,,,,,,,0.0499,,,
1984-02-29,,,,,,,,,,,0.0067,,,
1984-03-31,,,,,,,,,,,0.0158,,,
1984-04-30,,,,,,,,,,,0.0262,,,
1984-05-31,,,,,,,,,,,0.0461,,,
1984-06-30,,,,,,,,,,,-0.0413,,,
1984-07-31,,,,,,,,,,,0.1762,,,
1984-08-31,,,,,,,,,,,-0.0762,,,
1984-09-30,,,,,,,,,,,0.0423,,,
1984-10-31,,,,,,,,,,,-0.0183,,,
1984-11-30,,,-0.1095,,,,,,,,-0.0471,,,
1984-12-31,,,0.1801,,,,,,,,0.0936,,,
1985-01-31,,,0.0623,,0.267,,,,,,0.0553,,,
1985-02-28,,,0.1003,,0.231,,,,,,0.0753,,,
1985-03-31,,,-0.0725,,-0.203,,,,,,-0.0346,,,
1985-04-30,,,-0.1309,,-0.278,,,,,,-0.0121,,,
1985-05-31,,,0.2166,,0.725,,,,,,-0.0281,,,
1985-06-30,,,-0.0679,,-0.225,,,,,,-0.0109,,,
1985-07-31,,,-0.0836,,0.292,,,,,,0.1307,,,
1985-08-31,,,-0.1348,,-0.188,,,,,,-0.0219,,,
1985-09-30,,,-0.3068,,-0.269,,,,,-0.02,-0.1132,,,
1985-10-31,,,0.0669,,-0.066,,,,,-0.016,0.0779,,,
1985-11-30,,,0.1361,,0.47,,,,,0.134,0.1132,,,
1985-12-31,,,0.1002,,0.2,,,,,0.116,0.0606,,,
1986-01-31,,,-0.015,,0.336,,0.15,,,-0.061,0.0423,,,
1986-02-28,,,0.2455,,0.842,,0.0417,,,0.312,0.1488,,,
1986-03-31,,,0.1193,,0.233,,0.1027,,,0.09,0.0216,,,
1986-04-30,,,-0.0559,,-0.098,,0.0242,,,0.111,-0.0512,,,
1986-05-31,,,-0.0598,,-0.052,,0.1604,,,-0.084,-0.0178,,,
1986-06-30,,,-0.1398,,-0.147,,0.0261,,,0.051,-0.0685,,,
1986-07-31,,,-0.042,,0.066,,-0.036,,,0.067,0.0533,,,
1986-08-31,,,0.1245,,0.072,,-0.1011,,,0.024,0.0632,,,
1986-09-30,,,0.0064,,-0.003,,-0.0609,,,-0.227,-0.1413,,,
1986-10-31,,,-0.0279,,-0.069,,0.032,,,-0.017,-0.0514,,,
1986-11-30,,,-0.0618,,0.0,,0.0739,,,-0.057,-0.0508,,,
1986-12-31,,,-0.0011,,0.0,,0.0323,,,0.069,-0.007,,,
1987-01-31,,,0.0881,,0.274,,0.054,,,0.157,0.1458,,,
1987-02-28,,,-0.0175,,-0.093,,0.0822,,,-0.039,0.0067,,,
1987-03-31,,,0.0718,,0.156,,0.0631,,,0.093,0.034,,,
1987-04-30,,,0.3163,,1.083,,0.0995,,,0.443,0.0915,,,
1987-05-31,,,-0.0269,,-0.01,,0.0425,,,0.145,-0.025,,,
1987-06-30,,,-0.0461,,-0.037,,0.0249,,,-0.002,-0.025,,,
1987-07-31,,,0.0597,,0.099,,0.1385,,,0.101,0.0146,,,
1987-08-31,,,-0.0298,,-0.131,,-0.0062,,,-0.079,-0.026,,,
1987-09-30,,,0.055,,0.067,,-0.0211,,,0.027,-0.0445,,,
1987-10-31,,,-0.0559,,-0.061,,0.0507,,,-0.126,0.0197,,,
1987-11-30,,,0.1776,,0.016,,-0.0752,,,0.223,0.0899,,,
1987-12-31,,,0.0196,,0.078,,0.0365,,,0.089,0.0896,,,
1988-01-31,,0.0417,0.0073,,0.033,,0.0622,,,-0.053,-0.0799,,,
1988-02-29,,-0.0259,0.0434,,0.094,,0.0664,,,-0.048,0.0187,,,
1988-03-31,,-0.0878,-0.0655,,-0.058,,0.063,,,-0.142,-0.0354,,,
1988-04-30,,-0.1235,-0.0247,,-0.166,,0.0642,,,-0.241,-0.0137,,,
1988-05-31,,0.3234,0.0388,,0.095,,-0.0377,,,0.073,0.0684,,,
1988-06-30,,0.7199,-0.0056,,0.771,,-0.0599,,,0.686,0.1663,,,
1988-07-31,,-0.0282,-0.0183,,-0.196,,-0.0359,,,-0.107,-0.0769,,,
1988-08-31,,0.0345,-0.0265,,0.046,,0.003,,,-0.141,0.0003,,,
1988-09-30,,-0.0198,0.0198,,0.105,,0.0528,,,0.027,0.0098,,,
1988-10-31,,0.0801,0.0192,,0.158,,0.1043,,,0.217,0.0165,,,
1988-11-30,,0.1783,-0.0072,,0.085,,-0.0719,,,0.081,0.0583,,,
1988-12-31,,0.0451,-0.167,,0.119,,0.0722,,,0.129,-0.0344,,,
1989-01-31,,-0.0805,0.211,,-0.041,,0.0191,,,0.051,0.032,-0.0077,,
1989-02-28,,-0.1264,-0.0423,,-0.024,,-0.0124,,,-0.002,-0.0383,-0.0357,,
1989-03-31,,0.1391,0.093,,0.171,,0.0576,,,0.151,0.0709,0.1382,,
1989-04-30,,-0.2008,0.0609,,-0.182,,-0.0304,,,-0.09,-0.0103,-0.0018,,
1989-05-31,,0.3865,0.2002,,0.34,,-0.0323,,,0.263,0.1598,0.1376,,
1989-06-30,,-0.044,0.0321,,-0.04,,0.1086,,,0.02,-0.0775,-0.0261,,
1989-07-31,,0.1608,0.0815,,0.053,,-0.038,,,0.048,-0.0302,-0.0284,,
1989-08-31,,-0.1384,-0.1302,,-0.224,,0.1338,,,-0.274,-0.0717,-0.1376,,
1989-09-30,,-0.0775,-0.0156,,-0.077,,-0.0217,,,0.038,-0.0205,0.0269,,
1989-10-31,,-0.144,-0.1665,,-0.193,,0.0507,,,-0.184,-0.086,-0.1381,,
1989-11-30,,0.103,0.0734,,0.006,,0.0063,,,0.01,0.053,0.0524,,
1989-12-31,,0.3952,-0.0542,,0.36,,-0.0179,,,0.295,0.0819,0.1701,,
1990-01-31,,0.0365,0.2345,,0.053,,-0.0343,,,-0.014,0.0372,0.0189,,
1990-02-28,,0.0181,0.0535,,0.005,,-0.1555,,,0.061,0.0388,0.0776,,
1990-03-31,,0.0945,0.0611,,0.364,,-0.0884,,,0.139,0.0306,0.1216,,
1990-04-30,,0.129,0.068,,0.396,,0.1942,,,0.234,0.0241,0.1671,,
1990-05-31,,-0.079,-0.1123,,-0.159,,0.0092,,,-0.206,-0.0521,-0.1361,,
1990-06-30,,0.0249,0.0399,,0.18,,0.0471,,,0.038,0.0346,0.095,,
1990-07-31,,0.2008,0.0137,,0.115,,-0.1511,,,0.239,0.1478,0.1606,,
1990-08-31,,0.1854,0.0207,,0.167,,-0.1627,,,0.368,0.0331,0.218,,
1990-09-30,,0.0857,0.0376,,0.094,,0.3108,,,0.088,0.0258,0.104,,
1990-10-31,,-0.0036,-0.004,,0.029,,-0.2066,,,0.032,0.0701,0.0487,,
1990-11-30,,0.0031,0.0544,,0.002,,-0.0818,,,0.01,0.0289,0.0251,,
1990-12-31,,-0.0009,-0.0119,,-0.02,,-0.0452,,,-0.043,0.0051,-0.0245,,
1991-01-31,,-0.1594,-0.0705,,-0.073,,0.2275,,,-0.086,-0.0562,-0.0743,,
1991-02-28,,0.013,-0.0451,,-0.118,,-0.0272,,,-0.015,0.017,-0.0775,,
1991-03-31,,0.0243,0.103,,0.002,,0.0356,,,0.086,0.0305,0.0226,,
1991-04-30,,-0.137,-0.0449,,-0.048,,-0.0162,,,-0.1,0.0016,-0.0558,,
1991-05-31,,0.0294,-0.0499,,-0.032,,-0.0675,,,-0.074,-0.008,-0.0117,,
1991-06-30,,0.0211,-0.0046,,0.011,,-0.0027,,,0.069,0.0198,0.0332,,
1991-07-31,,-0.0152,-0.0254,,-0.113,,-0.1105,,,-0.103,-0.0384,-0.0812,,
1991-08-31,,-0.0633,0.0993,-0.01,-0.018,,0.1277,,,0.021,-0.0597,-0.0293,,
1991-09-30,,0.1161,0.0923,0.0664,0.134,,0.0727,,,0.056,0.0107,0.0243,,
1991-10-31,,0.1661,-0.1493,0.0025,-0.028,,-0.1066,,,-0.022,-0.001,0.0066,,
1991-11-30,,-0.0209,0.012,0.0209,-0.026,,0.012,,,0.011,0.0031,-0.0027,,
1991-12-31,,0.3375,0.3122,0.2792,0.446,,-0.0351,,,0.304,0.1768,0.2214,,
1992-01-31,,-0.126,-0.1453,-0.1527,-0.152,,-0.047,,,-0.073,-0.0816,-0.1226,,
1992-02-29,,-0.06,-0.009,-0.0756,-0.058,,-0.1128,,,-0.063,-0.0105,-0.0331,,
1992-03-31,,-0.0547,0.0404,-0.057,-0.057,,-0.0991,,,-0.094,-0.0046,0.0057,,
1992-04-30,,0.0031,-0.151,0.0222,-0.048,,0.1369,,,-0.042,-0.0047,-0.0213,,
1992-05-31,,-0.0571,-0.0036,-0.0345,-0.038,,-0.0925,,,-0.044,0.0105,-0.0077,,
1992-06-30,,0.0658,0.1304,0.0935,0.054,,-0.077,,,0.082,0.1393,0.0547,,
1992-07-31,,0.1652,0.1143,0.1143,0.094,,0.1054,,,0.136,0.0814,0.1293,,
1992-08-31,,0.0192,0.0918,0.0751,0.012,,0.0189,,,0.026,0.0692,0.077,,
1992-09-30,,-0.0034,-0.0823,-0.0118,-0.121,,-0.0586,,,-0.141,0.0004,-0.0712,,
1992-10-31,,-0.0331,-0.0542,-0.0435,-0.011,,0.0058,,,-0.042,-0.0325,-0.0069,,
1992-11-30,,0.0465,-0.043,0.077,0.008,,-0.037,,,0.011,0.0263,0.0145,,
1992-12-31,,-0.0454,-0.0815,-0.046,-0.043,,-0.0199,,,-0.018,-0.0044,-0.0393,,
1993-01-31,,-0.0421,0.029,-0.0138,0.069,,0.0533,,,-0.0523,-0.0257,-0.0012,,
1993-02-28,0.1599,0.061,0.1399,0.0963,0.085,,0.1603,,,0.1104,0.0548,0.1417,,
1993-03-31,0.0711,0.0457,-0.0328,-0.0828,0.03,,0.1744,,,0.0459,-0.0053,0.0022,,
1993-04-30,0.7048,0.0924,0.1237,0.0941,0.102,,0.1321,,,0.2438,0.0515,0.1089,,
1993-05-31,-0.014,0.0488,0.0376,0.0381,-0.055,,-0.0549,,,0.0776,-0.0151,0.0345,,
1993-06-30,-0.0149,-0.0122,0.0058,0.1213,-0.015,,0.0383,,,0.0038,-0.0194,-0.0128,,
1993-07-31,0.0815,0.066,0.0741,0.0941,0.22,,0.0158,,,0.0673,0.0477,0.1475,,
1993-08-31,0.0522,-0.0528,0.0842,0.0485,0.095,,-0.0533,,,-0.1328,-0.0706,-0.0389,,
1993-09-30,0.1563,0.0116,-0.0502,-0.0667,-0.027,,-0.0819,,,-0.0085,0.0111,-0.041,,
1993-10-31,-0.0597,-0.0659,0.0159,0.0174,-0.019,,-0.2048,,,-0.0264,-0.0027,-0.0603,,
1993-11-30,0.2255,0.0371,0.0103,0.049,-0.024,,0.0195,,,0.1165,0.0143,0.0563,,
1993-12-31,-0.0282,0.1283,0.061,0.0945,0.082,,0.226,,,0.1842,0.0823,0.1007,,
1994-01-31,-0.0321,-0.0145,-0.0171,-0.183,-0.13,,0.0501,,,-0.2022,-0.0775,-0.1051,,
1994-02-28,-0.0739,-0.0416,-0.0534,-0.007,-0.114,,0.0197,,,0.08,-0.0164,-0.0602,,
1994-03-31,0.0724,0.0287,0.149,0.1058,0.12,,0.0394,,,0.0998,0.0793,0.1943,,
1994-04-30,0.0468,-0.0839,0.0697,0.0217,-0.014,,0.01,,,-0.0536,-0.0206,0.0247,,
1994-05-31,0.196,0.1501,0.0521,0.0505,0.119,,0.0847,,,0.07,0.0489,0.114,,
1994-06-30,0.6924,0.0147,0.0329,0.0166,-0.012,,-0.036,,,-0.0785,0.0509,0.18,,
1994-07-31,-0.2383,0.0098,-0.1338,-0.001,-0.068,,-0.012,,,-0.129,-0.0255,-0.0431,,
1994-08-31,0.0242,-0.0738,-0.1767,-0.0859,-0.072,,-0.0452,,,-0.0853,-0.0495,-0.0442,,
1994-09-30,0.0129,0.0505,-0.0468,0.1336,-0.012,,0.0265,,,0.0154,0.0357,0.0335,,
1994-10-31,0.1566,0.0543,-0.0102,-0.105,-0.111,,-0.0974,,,-0.2037,0.0278,-0.0417,,
1994-11-30,0.0357,0.1424,0.0074,0.0874,0.144,,0.027,,,0.2583,0.0461,0.1065,,
1994-12-31,-0.1125,0.0106,-0.0422,-0.1045,-0.002,,-0.0115,,,0.0418,0.0229,-0.0125,,
1995-01-31,0.0161,-0.0791,0.0049,-0.0139,-0.079,,-0.0664,,,-0.1641,-0.0293,-0.0945,,
1995-02-28,-0.143,0.0124,0.1371,0.0885,0.077,,0.0575,,,0.1696,0.0644,0.14,,
1995-03-31,0.1669,0.0663,0.2441,0.1413,0.213,,0.0357,,,0.3233,0.1459,0.1525,,
1995-04-30,-0.0507,0.0473,0.038,0.0321,0.167,,-0.1038,,,0.0657,0.0422,0.0584,,
1995-05-31,0.1204,0.0822,-0.026,0.2013,0.228,,-0.0532,,,0.1579,-0.0085,0.0891,,
1995-06-30,-0.005,0.0011,-0.0359,-0.0132,-0.007,,0.0818,,,-0.0225,0.01,-0.0245,,
1995-07-31,0.0623,-0.0875,0.0063,-0.1031,-0.193,,0.0009,,,-0.155,-0.0204,-0.0928,,
1995-08-31,-0.0494,-0.0534,0.1846,-0.0327,-0.133,,-0.0345,,,-0.0555,0.0148,-0.0866,,
1995-09-30,0.0579,-0.0184,-0.0652,-0.028,-0.097,,-0.0353,,,-0.0308,-0.0147,-0.0911,,
1995-10-31,-0.1011,-0.0667,0.1082,-0.0558,-0.051,,0.0675,,,-0.1557,-0.0018,-0.0448,,
1995-11-30,0.1853,-0.0019,0.1116,0.0924,0.008,,0.0528,,,0.0663,0.0029,0.0242,,
1995-12-31,0.2489,0.1911,0.0444,0.1301,0.172,,0.037,,,0.4353,0.0736,0.142,,
1996-01-31,0.025,-0.0685,0.1578,0.0872,-0.029,,-0.0185,,,0.0537,0.0716,-0.0013,,
1996-02-29,-0.0292,-0.1378,-0.1333,-0.054,-0.165,,0.0351,,,-0.0936,-0.1058,-0.0952,,
1996-03-31,0.0151,0.0966,0.0955,0.026,-0.016,,0.1046,,,0.0211,0.0104,-0.0149,,
1996-04-30,0.1568,0.1427,0.0917,0.1748,0.035,,-0.0409,,,0.1951,0.0549,0.0333,,
1996-05-31,-0.1347,-0.0941,-0.0118,-0.0928,-0.059,,-0.0111,,,-0.1366,-0.055,-0.0345,,
1996-06-30,0.0618,0.0152,0.006,-0.0332,0.041,,-0.0782,,,0.0094,0.0414,0.0154,,
1996-07-31,0.0131,-0.063,-0.124,-0.0428,0.015,,-0.028,,,-0.0617,0.0119,-0.0213,,
1996-08-31,-0.0253,-0.0334,-0.052,-0.012,-0.028,,0.0039,,,-0.0106,-0.013,-0.013,,
1996-09-30,0.1707,0.0603,0.1255,0.1755,0.03,,-0.0677,,,0.1022,0.0255,0.0375,,
1996-10-31,-0.1069,0.1684,0.2028,0.1624,0.189,,-0.0335,,,0.1863,0.0977,0.1075,,
1996-11-30,0.0334,0.0245,0.2694,0.1143,0.096,,-0.1812,,,0.1331,0.0388,0.0595,,
1996-12-31,-0.0501,-0.0641,-0.0709,-0.0551,-0.087,,-0.0332,,,-0.1074,0.0122,-0.0508,,
1997-01-31,-0.0983,0.0528,0.1783,0.1266,0.056,,-0.0084,,,0.103,0.0778,0.0537,,
1997-02-28,0.0577,0.0915,-0.0015,0.0691,0.086,,-0.0726,,,0.1373,0.0548,0.0507,,
1997-03-31,0.0639,-0.015,0.0221,0.066,0.04,,-0.0168,,,0.1061,-0.0239,-0.0064,,
1997-04-30,-0.0126,-0.0516,-0.0647,0.0124,-0.081,,0.1657,,,-0.107,-0.0244,-0.0641,,
1997-05-31,0.0408,-0.0132,-0.0588,0.0189,0.011,,0.0159,,,-0.0258,0.0136,-0.021,,
1997-06-30,-0.034,0.0038,0.1038,0.0539,0.009,,-0.1141,,,0.0375,0.0064,-0.0011,,
1997-07-31,0.0853,0.0411,0.1684,0.0918,0.075,,-0.1078,,,0.142,0.0752,0.1484,,
1997-08-31,0.0216,-0.0808,-0.1021,-0.0411,-0.043,,-0.1512,,,-0.1867,-0.0709,-0.0775,,
1997-09-30,0.1827,0.0495,0.0645,0.0651,-0.003,,0.026,,,0.0387,0.011,0.0311,,
1997-10-31,0.2364,-0.0537,-0.0064,-0.0041,-0.065,,-0.1754,,,-0.1195,-0.0169,-0.0333,,-0.1297
1997-11-30,0.0037,0.021,0.0982,-0.0354,0.01,,-0.1873,,,0.0552,-0.001,0.0051,,0.0996
1997-12-31,0.3137,0.0746,0.0155,-0.0235,0.059,,0.2926,,,0.0959,0.0475,0.0424,,0.0834
1998-01-31,-0.1017,-0.009,0.0425,0.0477,-0.004,,0.0796,,,0.0561,0.0287,0.0228,,0.015
1998-02-28,-0.1046,0.0409,-0.053,0.0248,0.033,,-0.0898,,,0.0464,-0.0247,0.0155,,0.0327
1998-03-31,-0.0803,-0.0445,0.0399,-0.032,-0.038,,-0.0519,,,-0.0714,0.0117,0.0,,0.0802
1998-04-30,-0.0095,-0.0445,-0.1105,-0.0517,-0.106,,-0.0427,,,-0.1109,-0.0702,-0.0643,,-0.0148
1998-05-31,0.101,0.0261,-0.0476,0.0189,-0.006,,0.0229,,,0.0282,0.0417,0.0417,,0.0853
1998-06-30,0.1563,-0.0234,-0.0038,0.0157,-0.063,,-0.0101,,,0.0343,0.0237,0.0212,,0.0323
1998-07-31,0.1998,-0.0083,-0.0137,-0.0159,-0.038,,-0.1073,,,-0.0273,-0.0463,0.0116,,0.0135
1998-08-31,0.0637,0.2324,0.2751,0.2528,0.328,,-0.0544,,,0.4083,0.0651,0.1937,,0.1106
1998-09-30,-0.0749,-0.0333,0.1618,0.0018,0.081,,0.1245,,,0.1285,0.0525,0.061,,0.0452
1998-10-31,-0.1152,-0.1139,0.0379,0.0039,-0.088,,0.0833,,,-0.0181,-0.0151,-0.0405,,-0.0565
1998-11-30,0.0195,0.0094,-0.1372,-0.0015,-0.03,,-0.0275,,,0.0058,-0.0048,-0.0375,,0.0118
1998-12-31,-0.0183,0.0467,0.0032,0.0065,0.027,,0.031,,,-0.0533,0.026,0.0161,,0.0919
1999-01-31,0.0759,-0.1156,-0.1318,0.0149,-0.048,,-0.0386,,,-0.0296,-0.0397,-0.0192,,-0.0151
1999-02-28,0.2944,0.1335,0.0391,0.0512,0.173,,0.116,,,0.161,0.0322,0.037,,0.0355
1999-03-31,0.1043,-0.0943,0.0422,-0.0618,-0.06,,0.1029,,,-0.0788,0.013,-0.0433,,-0.0424
1999-04-30,0.0847,0.0752,0.0409,-0.0259,0.05,,-0.0448,,,0.0088,0.0553,0.0328,,0.1009
1999-05-31,0.0073,-0.0609,0.0763,-0.0243,-0.043,,0.0947,,,-0.0225,-0.0299,-0.0692,,-0.0858
1999-06-30,0.0221,-0.0068,0.0961,0.0143,-0.011,,0.0473,,,-0.0175,0.0565,-0.0002,,0.0531
1999-07-31,0.2092,-0.0083,0.0052,0.0518,-0.063,,0.0187,,,0.0087,-0.0325,-0.0289,,-0.0193
1999-08-31,0.0192,0.0312,0.0577,-0.0562,-0.008,,0.0017,,,-0.0804,0.0111,-0.0042,,-0.0364
1999-09-30,-0.0357,0.0099,0.036,0.0331,0.075,,-0.0167,,,0.0703,0.0084,0.0009,,-0.0016
1999-10-31,0.1157,-0.0957,-0.0701,-0.0286,-0.181,,-0.0569,,,-0.1621,-0.111,-0.0601,,-0.0613
1999-11-30,-0.0881,0.1364,0.0135,0.0004,0.021,,-0.0927,,,0.018,0.0234,0.0213,,0.1312
1999-12-31,0.2611,0.0841,-0.0544,-0.0073,0.02,,0.0173,,,-0.0301,0.028,0.0425,,0.092
2000-01-31,-0.0309,0.0802,0.0685,-0.0214,-0.007,0.078,-0.0511,,,0.0092,0.0186,-0.0071,,-0.0366
2000-02-29,-0.1764,-0.0905,-0.0294,-0.0061,0.029,-0.0105,0.1429,,,-0.0334,-0.0138,0.002,,0.0175
2000-03-31,-0.013,-0.0416,-0.1734,-0.0194,-0.025,0.1914,-0.106,,,0.0183,-0.0428,-0.0213,,-0.0313
2000-04-30,-0.0637,0.0548,-0.1236,-0.0029,-0.008,-0.0357,0.0486,,,0.0112,0.0083,-0.053,,0.0153
2000-05-31,0.288,-0.0258,-0.0759,0.0188,0.088,0.0444,0.1449,,,0.0523,-0.0162,-0.0005,,-0.005
2000-06-30,0.3518,-0.0219,-0.0395,-0.0145,-0.047,0.0039,-0.1207,,,0.0256,-0.0439,-0.037,,-0.0128
2000-07-31,0.0178,-0.0526,0.0056,-0.0271,-0.028,-0.0198,0.0729,,,-0.0219,-0.0169,-0.0117,,-0.0433
2000-08-31,-0.0518,0.1176,0.0329,0.0043,0.046,0.024,-0.042,,,0.0503,0.0351,0.0473,,0.0282
2000-09-30,0.1043,-0.0453,-0.097,0.0148,-0.059,0.15,-0.1027,,,-0.0466,-0.027,-0.0184,,-0.0754
2000-10-31,-0.1258,0.0951,0.0912,0.0083,0.027,0.0006,0.0302,,,-0.0034,0.0479,0.004,,0.025
2000-11-30,0.0522,0.0858,0.2804,0.123,0.072,-0.0333,-0.0919,,,0.061,0.0624,0.056,,0.071
2000-12-31,-0.0457,-0.0018,0.2939,0.1002,0.09,0.3123,0.0062,,,0.2284,0.136,0.0653,,0.1604
2001-01-31,-0.0717,0.0228,0.0772,0.0163,-0.003,-0.0855,0.0201,,,0.0088,0.0069,0.0153,,0.0458
2001-02-28,0.2297,0.0299,0.0055,-0.0107,0.018,-0.0354,-0.0121,,,-0.0367,-0.0132,0.0027,,0.0057
2001-03-31,0.1334,0.1517,0.0626,0.004,0.17,0.1473,0.1232,,,0.1214,0.088,0.0479,,0.0748
2001-04-30,0.0836,-0.102,-0.0896,-0.0048,-0.068,-0.1446,0.0089,,,-0.0869,-0.0494,-0.0464,,-0.0523
2001-05-31,0.0653,0.0513,-0.0091,0.034,-0.007,0.1536,-0.0069,,,-0.0452,0.0184,-0.0198,,-0.0332
2001-06-30,0.0189,0.0447,-0.0831,-0.0328,-0.002,-0.1077,-0.075,,,-0.0324,-0.0196,-0.0184,,-0.0295
2001-07-31,0.0372,-0.0285,0.0009,-0.0142,-0.017,-0.054,0.0245,,,-0.0009,-0.0502,0.0065,,0.0072
2001-08-31,0.0553,0.0489,0.0647,0.0587,0.062,-0.0261,-0.0874,,,0.0719,0.0329,-0.0164,,0.0002
2001-09-30,0.0709,0.0928,0.0113,-0.0328,0.13,0.0309,0.0285,,,0.0706,-0.0269,0.0202,,0.0448
2001-10-31,-0.0223,0.0413,0.2074,0.0558,-0.003,0.0195,-0.0665,,,0.0376,0.0406,0.0639,,0.1245
2001-11-30,0.1711,-0.1368,-0.2352,-0.0236,-0.097,0.1317,-0.1235,,,-0.0961,-0.0776,-0.0806,,-0.0756
2001-12-31,0.2651,-0.005,0.0673,0.0076,-0.017,0.2262,-0.043,,,-0.0378,0.0203,0.042,,-0.0402
2002-01-31,0.0166,-0.0173,0.0303,0.0269,-0.047,-0.0948,0.0802,,,-0.0657,0.0212,-0.0072,,-0.1081
2002-02-28,-0.1396,0.0133,-0.0807,-0.0455,-0.098,0.1608,0.0504,,,-0.0363,-0.042,-0.0396,,-0.0614
2002-03-31,0.0048,-0.0662,0.0239,-0.0099,0.053,0.1419,0.0417,,,0.0316,0.0117,0.0232,,0.1144
2002-04-30,0.201,0.0499,-0.0571,0.0392,-0.041,-0.0162,0.0982,,,-0.0349,-0.0338,-0.0598,,-0.0466
2002-05-31,-0.0658,0.0151,0.0541,-0.0068,0.065,0.0723,-0.0453,,,0.101,0.0658,0.0677,,-0.038
2002-06-30,-0.0245,0.0775,0.2424,0.0259,0.137,0.0663,0.0005,,,0.1698,0.1213,0.1141,,0.0732
2002-07-31,-0.1415,-0.0397,0.1482,0.0224,0.055,0.0741,-0.014,,,0.1246,0.0572,0.0785,,0.0479
2002-08-31,0.1093,0.0986,0.105,-0.0034,-0.013,-0.0642,-0.0285,,,0.0142,0.0152,0.0318,,0.0548
2002-09-30,0.2163,0.0329,0.091,-0.0101,0.039,0.0468,-0.0794,,0.01,0.0819,0.0599,0.0351,,0.0742
2002-10-31,0.092,-0.1019,-0.1227,-0.019,-0.12,-0.0072,-0.0225,,-0.036,-0.097,-0.0693,-0.0354,,-0.0776
2002-11-30,0.1762,-0.018,-0.127,-0.014,-0.054,0.0339,-0.0041,,-0.039,-0.0289,-0.0353,-0.0206,,-0.0109
2002-12-31,-0.0878,0.1841,0.2134,0.1079,0.029,0.0168,0.0124,,0.001,0.1723,0.0693,0.0487,,0.1346
2003-01-31,0.0966,0.2418,0.0694,0.0156,0.051,0.1044,0.0736,,0.035,0.0566,0.0397,0.0336,,0.053
2003-02-28,0.1806,0.1318,0.1383,0.0726,0.103,0.0822,0.0076,,0.022,0.0435,0.0635,0.0521,,0.1195
2003-03-31,-0.0706,-0.0473,-0.2244,-0.0058,-0.126,0.0615,0.0441,,0.002,-0.124,-0.0825,-0.1035,,-0.1114
2003-04-30,0.0174,0.0202,0.0157,0.0031,0.011,-0.0528,0.0615,,-0.004,0.0177,0.0009,0.0418,,0.0207
2003-05-31,0.0557,0.0559,0.0945,0.0478,0.13,0.1155,0.0773,,0.042,0.0974,0.0925,0.1083,,0.1018
2003-06-30,0.0445,-0.0706,-0.0807,-0.008,-0.022,-0.03,0.0127,,0.027,-0.0418,-0.0349,-0.0258,,-0.0585
2003-07-31,0.1398,-0.0486,-0.0475,-0.0155,0.024,0.1431,0.0865,,0.017,-0.0006,0.0181,-0.0039,,-0.0115
2003-08-31,-0.1771,-0.0354,0.167,0.0044,0.0,0.0036,0.0633,,-0.005,0.004,0.0194,0.0003,,0.0069
2003-09-30,0.0974,0.0702,-0.0763,0.0015,0.026,0.0966,0.0388,,0.033,0.0712,-0.0071,0.0133,,0.0071
2003-10-31,-0.1302,0.2209,-0.0423,-0.007,0.072,-0.0543,-0.0625,,0.008,0.0179,-0.0699,0.0397,,0.0546
2003-11-30,-0.0015,-0.0003,-0.0445,0.0086,-0.027,-0.0363,0.0407,,0.012,-0.0494,-0.0225,-0.0152,,-0.0268
2003-12-31,0.1154,0.0869,-0.0447,0.0269,0.086,0.1305,0.0654,,-0.001,0.0356,0.0353,0.0945,,0.1
2004-01-31,0.1272,0.0047,-0.0286,-0.0222,-0.011,0.0225,0.0059,,0.015,0.0585,0.0118,0.0274,,0.0265
2004-02-29,0.0582,0.0838,0.0838,0.0428,0.096,0.1053,0.201,,0.013,0.0819,0.0331,0.0834,,0.1193
2004-03-31,0.0442,0.0088,0.029,-0.0075,-0.021,0.1032,-0.0323,,-0.045,0.0409,-0.0114,-0.012,,-0.005
2004-04-30,-0.0605,-0.0622,-0.1835,-0.0437,-0.125,-0.0957,-0.048,,0.032,-0.0687,-0.0919,-0.1307,,-0.0827
2004-05-31,0.0506,0.0253,-0.0684,0.0004,-0.056,0.0615,0.0947,,-0.03,-0.0041,-0.0213,-0.0385,,-0.0016
2004-06-30,-0.0946,0.0137,-0.0986,-0.0365,-0.05,-0.1083,-0.0628,,0.005,-0.0533,-0.0395,-0.0464,,-0.0312
2004-07-31,-0.0019,0.0674,-0.0516,-0.0269,-0.038,0.0465,0.0149,,0.015,0.032,-0.0453,-0.0214,,0.0088
2004-08-31,0.4141,-0.1225,0.0929,0.044,0.001,-0.0666,-0.0242,,-0.001,-0.0047,-0.021,-0.0192,,0.0264
2004-09-30,0.0048,0.0784,0.0158,0.0086,-0.015,0.0309,0.0195,,0.035,0.0212,0.0126,0.0092,,0.0478
2004-10-31,-0.112,0.0432,0.0793,0.0597,0.036,-0.0135,0.031,,-0.084,0.0484,0.0719,0.0307,,0.0337
2004-11-30,0.0063,0.0279,0.0532,0.0439,0.105,0.0354,0.0357,,-0.024,0.0881,0.099,0.1194,,0.0638
2004-12-31,0.0021,-0.0051,-0.0069,-0.0112,-0.038,0.1386,0.0523,,-0.061,-0.047,0.0111,-0.0084,,-0.0058
2005-01-31,-0.1211,-0.0548,-0.0409,-0.0338,-0.05,-0.0342,0.0365,,0.033,-0.0813,-0.0348,-0.0637,,-0.0516
2005-02-28,-0.0795,-0.0895,-0.0672,0.0023,0.073,0.0183,0.0058,,0.042,0.0673,0.0027,0.0518,,0.0572
2005-03-31,0.0114,-0.01,-0.0404,0.0133,-0.018,0.0027,-0.0274,,0.008,-0.0361,-0.0316,-0.038,,0.047
2005-04-30,0.1936,-0.1004,-0.1501,-0.0179,-0.04,0.0312,-0.0177,,0.034,-0.0427,-0.0451,-0.0533,,-0.0403
2005-05-31,-0.1181,0.0193,0.1303,0.0616,0.037,-0.0342,0.0173,,-0.027,0.0398,0.0246,0.0437,,0.0649
2005-06-30,0.0152,0.0666,0.1223,0.0325,0.02,0.0279,0.0224,,-0.027,0.0009,0.0474,0.0295,,0.0285
2005-07-31,-0.1311,-0.1216,-0.0189,-0.002,0.002,0.0204,0.0545,,0.121,-0.0463,0.0006,-0.0028,,-0.0215
2005-08-31,-0.1645,0.1574,-0.0546,0.0372,0.037,0.0843,0.0408,,0.088,0.0577,0.0149,-0.0179,,0.0766
2005-09-30,-0.0191,-0.0579,-0.0351,-0.0186,0.041,0.048,0.0304,,0.063,0.0173,0.0522,0.0168,,-0.065
2005-10-31,-0.2223,-0.0598,-0.0094,0.0031,-0.076,-0.0963,0.0193,,0.021,-0.0391,-0.0284,-0.0371,,-0.0302
2005-11-30,0.231,0.1415,0.06,0.0064,0.082,0.0444,0.1146,,0.03,0.0726,0.063,0.0312,,0.0705
2005-12-31,0.1156,0.0396,-0.0388,0.0034,-0.004,0.1848,0.0411,,0.028,-0.031,0.0004,-0.0118,,-0.0459
2006-01-31,-0.1052,0.0256,-0.0363,0.0067,0.046,0.0025,-0.0603,,0.036,-0.0193,0.0555,0.0538,,0.0393
2006-02-28,0.1345,-0.0153,-0.0137,-0.0213,-0.059,0.0308,0.0441,,0.012,-0.0584,-0.0082,-0.0341,,-0.0274
2006-03-31,-0.0355,0.0571,0.1242,-0.0436,0.076,-0.0179,0.0192,,-0.052,0.0443,0.0247,0.0382,,0.0388
2006-04-30,-0.2049,0.0275,0.0938,0.0492,0.161,0.0588,-0.0709,,0.018,0.2368,0.0408,0.0885,,0.0568
2006-05-31,-0.0463,-0.017,-0.0778,0.0134,0.012,0.0155,-0.0431,,0.012,-0.0226,-0.0578,-0.0082,-0.042,-0.0321
2006-06-30,0.0622,-0.0232,-0.0163,0.0183,-0.024,-0.0395,-0.0432,,-0.006,-0.1021,-0.0154,-0.0394,-0.003,-0.0134
2006-07-31,-0.0353,-0.0526,-0.0569,-0.0354,-0.042,-0.0312,0.016,,0.016,-0.0676,-0.0281,-0.0356,0.039,-0.0062
2006-08-31,0.1197,0.0272,-0.0876,0.0186,0.013,0.0212,-0.0191,,0.041,0.0066,-0.0097,0.0207,0.027,0.0458
2006-09-30,-0.1391,-0.0151,-0.0522,-0.0179,-0.02,-0.0447,-0.0067,,-0.041,-0.0396,0.0004,-0.0065,0.023,-0.0143
2006-10-31,-0.0463,0.0408,0.0593,0.0067,0.007,-0.0134,-0.0069,,0.0,0.0272,0.0332,-0.0158,0.044,0.0143
2006-11-30,0.0393,0.0223,0.0433,0.0595,0.013,0.0325,0.0023,,-0.014,0.0985,0.0052,0.0517,0.031,0.031
2006-12-31,0.1342,0.0141,0.0786,-0.0233,0.0,0.0312,0.0267,,0.03,-0.1093,0.053,-0.0169,-0.013,0.0203
2007-01-31,-0.0483,-0.0108,0.0621,0.0037,0.038,-0.0376,0.0403,,0.035,0.0242,0.017,-0.013,0.039,0.0403
2007-02-28,0.1021,-0.04,-0.083,0.0067,-0.052,-0.0663,-0.0082,,0.026,0.0236,-0.0273,-0.0418,0.022,-0.0639
2007-03-31,0.0627,-0.0232,-0.0336,-0.0407,-0.032,0.0163,-0.0138,,0.03,-0.0442,0.0272,-0.0273,0.058,-0.0413
2007-04-30,-0.0776,0.065,0.0822,0.0319,0.042,0.0248,-0.0206,,-0.005,0.0427,0.0626,0.0594,-0.017,0.0613
2007-05-31,-0.0449,0.0496,0.1177,0.017,0.036,-0.0305,0.0103,,0.011,-0.0142,0.0678,0.0588,0.036,0.0504
2007-06-30,-0.0876,0.0366,0.0739,0.0521,0.047,0.0092,0.011,,0.009,0.0339,0.0341,0.0341,0.029,0.0183
2007-07-31,0.2159,-0.0254,-0.1775,0.0123,-0.073,0.041,-0.0421,,0.046,-0.005,-0.0457,-0.031,0.031,-0.0138
2007-08-31,0.0453,-0.0373,-0.2263,-0.0176,-0.011,-0.006,-0.0023,,0.033,-0.0254,-0.0931,-0.0232,-0.019,-0.0096
2007-09-30,0.2394,0.052,0.169,0.1181,0.104,0.0462,0.0073,,0.039,0.113,0.0583,0.098,0.063,0.0683
2007-10-31,0.0844,0.0432,0.03,0.0539,0.066,0.017,-0.0233,,0.03,-0.0508,0.0637,0.0599,0.091,0.0238
2007-11-30,-0.0846,0.0116,0.0778,0.0306,-0.003,0.0129,-0.0699,,0.03,0.0538,-0.0323,-0.0376,0.009,0.0245
2007-12-31,-0.0438,0.0647,0.0655,0.0376,0.013,0.0132,-0.0207,,0.026,0.0366,0.0164,0.018,0.001,0.0012
2008-01-31,-0.2197,0.0644,0.1994,0.0185,0.035,0.0853,-0.0086,,0.035,0.1386,0.0159,0.0177,-0.135,0.0392
2008-02-29,0.0283,0.0657,0.2955,0.1001,0.149,-0.0231,0.0186,,0.025,0.1955,0.0657,0.1291,-0.036,0.0821
2008-03-31,0.1426,-0.0021,-0.1013,0.0021,-0.014,0.0458,0.0082,,0.013,-0.1003,-0.023,-0.0142,-0.011,-0.0092
2008-04-30,-0.0493,0.0034,-0.0655,0.0014,0.002,-0.0632,0.0363,,-0.027,0.0585,-0.0096,0.0187,0.053,-0.0097
2008-05-31,0.103,-0.0094,0.0167,0.017,0.017,-0.0569,-0.057,,0.016,0.0398,0.0143,0.0442,-0.014,0.0195
2008-06-30,0.1057,0.0204,0.0356,0.031,0.053,-0.0004,-0.0182,,0.042,0.0695,0.0643,0.0301,0.028,0.0522
2008-07-31,0.2059,-0.0419,-0.1018,-0.0547,-0.061,-0.0597,-0.0553,,0.004,-0.0897,-0.031,-0.041,-0.111,-0.0466
2008-08-31,0.0285,0.0008,-0.0926,-0.0271,0.012,0.1047,-0.0665,,-0.001,0.0344,-0.0399,-0.0243,-0.026,-0.0309
2008-09-30,0.2684,0.0555,0.0102,0.0269,0.058,-0.0006,-0.072,,0.001,-0.0171,0.032,-0.0203,-0.119,-0.0038
2008-10-31,-0.0973,0.0473,0.2109,0.0017,0.119,0.2149,0.0259,,-0.008,0.0762,0.0889,0.0116,-0.022,0.0365
2008-11-30,0.0377,0.0201,0.0777,0.012,0.028,-0.0099,0.0912,,0.012,0.0227,0.0209,0.0074,-0.024,0.0448
2008-12-31,0.2392,0.0376,0.0259,0.0026,0.005,0.085,-0.0596,,0.026,0.0235,0.012,0.0195,-0.009,0.0193
2009-01-31,0.0964,-0.0074,0.0089,-0.0138,-0.019,-0.0355,-0.1306,,0.065,-0.0507,0.002,-0.012,-0.016,0.0092
2009-02-28,0.1193,0.0012,0.0307,-0.0023,0.004,-0.0689,0.0452,,0.023,-0.0335,0.0235,-0.0172,0.001,-0.0032
2009-03-31,-0.1592,-0.0182,-0.0305,0.0086,-0.066,-0.089,0.0409,,0.026,-0.0078,-0.0453,-0.0163,-0.02,-0.0178
2009-04-30,0.0897,-0.0312,-0.0465,-0.0179,-0.027,-0.014,0.123,,0.102,-0.0181,-0.0419,-0.0297,0.066,-0.0308
2009-05-31,0.1963,0.0389,-0.0108,0.0341,0.005,0.0777,0.0566,,0.087,0.0887,-0.0331,0.0224,0.022,-0.0208
2009-06-30,-0.1177,0.0053,-0.0498,-0.0506,-0.06,-0.0687,0.03,,0.017,-0.0427,-0.0214,-0.0355,-0.018,-0.0131
2009-07-31,0.1203,-0.023,0.0184,0.0126,-0.013,0.045,0.0525,0.021,0.031,-0.0124,-0.0157,0.0209,0.047,-0.0155
2009-08-31,0.0915,0.0148,0.0316,0.0048,0.025,-0.1102,-0.0113,0.021,0.009,-0.0125,0.0156,0.0258,-0.001,0.0031
2009-09-30,0.0322,0.0007,0.0454,0.0235,0.003,-0.0006,-0.0358,0.01,0.032,-0.0186,0.0426,0.0387,0.054,0.0273
2009-10-31,0.1351,-0.0112,-0.0414,-0.0485,-0.019,0.0133,-0.0405,0.059,0.019,-0.0828,-0.0293,0.0098,-0.002,-0.0154
2009-11-30,-0.0024,0.0155,0.11,0.0674,0.0383,-0.024,-0.0116,0.193,0.082,0.0642,0.0507,0.0703,-0.002,0.0501
2009-12-31,0.1171,-0.0397,-0.0584,-0.0564,-0.02,-0.0138,0.021,0.027,0.011,-0.0804,-0.0205,-0.0052,0.034,-0.0253
2010-01-31,0.0214,-0.0086,-0.0661,-0.0692,-0.11,0.0364,0.0189,-0.007,0.024,-0.0249,-0.0226,-0.0798,-0.087,-0.0251
2010-02-28,0.1591,-0.0036,0.0397,-0.0112,-0.011,-0.0429,0.0506,0.035,0.02,-0.0427,0.0162,0.0098,0.008,0.0229
2010-03-31,0.0114,0.0142,0.0983,0.0052,0.06,0.011,0.0293,0.122,-0.015,-0.0129,0.0653,0.0586,0.092,0.0464
2010-04-30,-0.1403,-0.0254,0.0422,0.0255,0.005,-0.078,-0.0838,0.016,0.031,-0.0211,0.0348,0.0195,0.069,0.0158
2010-05-31,-0.0908,-0.0392,-0.0726,0.0273,-0.0364,0.1298,0.0065,-0.104,-0.032,0.1106,-0.0783,-0.0871,-0.081,-0.0085
2010-06-30,-0.0096,-0.0173,0.0502,0.0553,-0.017,-0.0156,0.0263,0.003,0.011,0.0273,-0.0133,-0.0077,-0.056,0.0146
2010-07-31,0.0134,-0.0192,-0.0439,-0.0187,-0.006,-0.0607,-0.0274,0.037,0.008,0.0238,-0.0052,0.0547,-0.026,-0.0283
2010-08-31,-0.0311,0.037,0.1696,0.0363,0.008,-0.0259,0.0441,0.032,0.024,0.0492,0.0348,0.0487,0.033,0.0492
2010-09-30,0.0086,0.0456,-0.0144,0.0509,0.062,0.0299,-0.0214,0.027,0.029,0.1076,0.0391,0.0929,0.084,0.0084
2010-10-31,0.0399,0.038,0.0822,0.0362,0.068,0.008,0.0248,0.011,0.055,0.1008,0.0271,0.052,0.048,0.0262
2010-11-30,0.1365,-0.0172,-0.0873,-0.0235,-0.002,0.0022,0.0849,0.382,0.012,-0.0486,-0.0281,-0.0241,0.035,-0.0223
2010-12-31,0.0427,0.0854,0.1095,0.0845,0.059,0.0132,0.0289,0.006,0.02,0.0911,0.0575,0.1049,0.025,0.0389
2011-01-31,-0.1381,0.0157,0.0369,-0.0324,0.007,-0.017,0.0461,0.049,-0.014,-0.0058,-0.0128,0.0073,0.039,0.0011
2011-02-28,0.1422,0.0335,0.0617,0.0307,0.031,0.0138,-0.0625,0.225,0.009,0.0341,0.0251,0.0529,0.06,0.0162
2011-03-31,-0.1461,-0.0678,-0.1206,-0.0148,-0.0432,0.0094,-0.0051,0.328,-0.011,-0.042,-0.0255,-0.0255,0.018,0.002
2011-04-30,-0.145,0.0582,0.1178,0.0904,0.061,0.0557,-0.0166,0.288,0.001,0.0622,0.0608,0.086,0.037,0.0306
2011-05-31,0.0595,-0.0368,-0.1005,-0.0426,-0.098,-0.0024,0.0402,0.096,0.018,-0.0904,-0.0441,-0.0744,-0.018,-0.0222
2011-06-30,0.1742,-0.0549,-0.1259,-0.05,-0.053,-0.0347,0.0457,0.041,-0.028,-0.0265,-0.0422,-0.0586,-0.013,-0.0255
2011-07-31,-0.0283,0.0564,0.1993,0.0085,0.068,0.0196,-0.0271,0.006,0.05,0.0296,0.0395,0.0579,0.021,0.0464
2011-08-31,-0.0492,-0.0206,0.104,-0.0032,-0.02,0.0073,-0.0056,0.044,0.015,0.0424,-0.0143,-0.0037,-0.098,0.0155
2011-09-30,0.1071,-0.0072,-0.0264,-0.0807,0.034,0.0422,-0.0515,-0.038,-0.01,0.0482,-0.0212,-0.0729,-0.052,0.002
2011-10-31,-0.0937,-0.0369,-0.09,-0.0392,-0.09,0.0062,0.0164,0.108,-0.035,-0.0843,-0.0297,-0.0401,0.039,-0.0235
2011-11-30,0.2126,0.0135,0.0526,-0.0253,0.021,0.0445,-0.0136,0.056,0.022,-0.0009,-0.0014,-0.0129,-0.076,0.0094
2011-12-31,0.0614,0.0041,0.0125,0.0003,-0.014,-0.0236,0.0717,0.016,-0.025,-0.0028,0.0057,0.0038,-0.01,0.0154
2012-01-31,0.172,-0.0105,-0.031,0.0136,0.009,0.0259,0.0012,-0.005,-0.017,-0.0352,-0.0242,0.0084,0.028,0.0066
2012-02-29,-0.0997,-0.0154,-0.0496,0.0168,0.063,0.0242,0.0283,0.059,0.005,0.008,-0.0147,0.0279,0.081,-0.008
2012-03-31,0.1679,-0.0427,-0.0296,-0.0247,-0.034,-0.0418,-0.0209,0.042,-0.014,-0.0342,-0.0282,-0.0492,0.047,-0.0066
2012-04-30,0.1952,0.0162,0.0277,0.0161,0.006,-0.001,-0.0837,0.026,-0.023,0.0044,0.0144,-0.0033,0.031,0.0002
2012-05-31,-0.0174,0.0565,0.0769,0.0823,0.191,0.133,0.0427,-0.02,0.0,0.1075,0.0235,0.0787,-0.048,0.0006
2012-06-30,-0.0972,-0.0444,-0.1323,-0.0671,-0.064,-0.0265,-0.0244,0.008,-0.042,-0.0727,-0.0341,-0.0439,-0.019,-0.0339
2012-07-31,-0.1565,0.0469,0.0453,0.0829,0.003,-0.0128,0.0,0.033,-0.02,0.0601,0.0437,0.0272,0.006,0.0432
2012-08-31,0.1169,-0.0043,-0.0417,0.0172,-0.027,0.0125,0.0139,0.021,0.033,-0.0146,-0.0189,0.0113,0.063,-0.0115
2012-09-30,0.0146,-0.0248,-0.0437,-0.0095,-0.012,-0.0034,-0.0211,0.028,0.007,-0.017,-0.0232,-0.0291,0.03,-0.0225
2012-10-31,0.0683,-0.0292,-0.0659,-0.0791,-0.054,-0.0193,0.014,0.021,-0.02,-0.0441,-0.0204,-0.0717,-0.028,-0.0255
2012-11-30,0.1506,-0.0067,0.0323,0.0028,-0.01,0.0062,0.0276,0.01,0.003,-0.0124,0.0149,-0.0171,0.012,0.0118
2012-12-31,-0.0887,0.0064,0.0264,-0.0007,0.012,0.0625,0.0402,0.017,0.019,0.0119,0.0142,0.0003,0.009,0.0151
2013-01-31,-0.0662,0.0081,-0.0023,0.0326,0.0574,0.0559,0.0242,0.036,0.071,0.0149,0.0149,0.0309,0.035,0.0227
2013-02-28,-0.0273,-0.0086,0.1679,-0.0127,-0.036,-0.0212,0.0764,0.031,-0.007,-0.0353,-0.008,-0.0262,0.018,-0.0035
2013-03-31,-0.004,0.0049,0.0322,0.0085,0.0273,0.0111,0.0529,0.021,0.012,-0.0128,0.0187,-0.0005,0.01,0.0206
2013-04-30,0.1024,0.0241,0.1059,0.0045,0.023,-0.003,-0.0818,0.008,-0.041,0.0187,0.0257,0.0345,0.038,0.0305
2013-05-31,0.0497,-0.0131,-0.0667,-0.0503,-0.0552,0.0008,0.0087,0.01,0.034,-0.0113,-0.0806,-0.0193,0.027,-0.0185
2013-06-30,0.1255,-0.0031,-0.0166,-0.0453,-0.0153,0.0036,0.0237,-0.011,-0.026,0.0229,-0.0349,-0.0333,0.006,-0.0218
2013-07-31,-0.0713,-0.0047,-0.0045,-0.0073,-0.0394,-0.0313,-0.0226,0.032,-0.027,-0.0445,0.0008,-0.0029,0.067,-0.0118
2013-08-31,-0.1107,-0.0128,-0.0481,0.0057,-0.0221,-0.0042,0.1125,-0.042,0.027,-0.021,-0.0232,-0.0125,0.033,-0.0292
2013-09-30,0.3186,0.0255,-0.0456,0.0147,-0.0429,0.0275,0.0026,0.042,-0.052,-0.0225,0.0115,0.0005,0.093,0.0309
2013-10-31,0.072,-0.017,0.0581,-0.001,0.0262,-0.0076,-0.0078,0.042,-0.023,-0.0038,0.0231,-0.0076,0.025,0.0277
2013-11-30,0.0394,-0.0142,0.1,0.0389,0.039,0.0162,-0.0219,0.052,0.002,-0.011,0.0092,0.0226,0.056,0.027
2013-12-31,0.0051,0.0164,0.044,0.0234,-0.03,-0.0217,0.0187,0.027,0.005,-0.0043,-0.0138,0.0084,0.029,0.0052
2014-01-31,0.1703,0.0239,-0.0435,-0.0238,-0.0305,-0.0699,-0.0043,-0.06,0.007,-0.0604,-0.0246,-0.028,0.002,-0.0204
2014-02-28,0.5058,-0.0029,-0.0176,0.0711,-0.0215,-0.0155,0.0049,0.033,0.041,0.0026,0.0447,0.0815,0.04,0.0229
2014-03-31,-0.2006,0.0019,-0.0191,-0.0502,-0.0325,-0.0144,-0.0151,0.016,-0.013,-0.0048,-0.001,-0.0132,-0.074,-0.0057
2014-04-30,0.0177,0.0051,0.0223,0.0072,0.0041,-0.0089,0.0257,0.006,0.004,-0.0047,0.0318,0.0108,-0.039,0.0181
2014-05-31,0.0282,-0.0034,-0.0233,0.0172,0.0073,-0.0147,0.0704,0.033,-0.003,-0.0053,0.0319,0.0059,0.026,0.0192
2014-06-30,0.0988,0.034,0.0404,0.007,0.016,0.0052,-0.0065,0.01,-0.022,-0.024,0.0214,0.0271,0.033,0.0018
2014-07-31,-0.1951,0.0295,-0.0112,-0.0436,0.0732,-0.0021,0.0095,-0.011,-0.035,-0.0042,-0.01,-0.0146,-0.018,-0.0209
2014-08-31,0.035,0.0198,0.0983,0.054,0.0468,-0.0041,-0.0313,0.017,-0.022,0.0448,0.0304,0.0282,0.048,0.0398
2014-09-30,0.1247,0.0222,0.0704,0.0116,0.0767,0.0375,-0.0185,-0.021,0.034,0.1296,0.0066,0.0351,-0.064,-0.0039
2014-10-31,0.4818,0.0193,0.0022,0.0544,0.0262,-0.0107,-0.0376,0.164,-0.003,0.0365,0.0277,0.015,0.063,0.0355
2014-11-30,0.2276,0.0462,0.1343,0.0363,0.0547,-0.0064,-0.0141,-0.023,0.082,0.1123,0.0194,0.0367,0.015,0.0528
2014-12-31,0.1178,0.0002,0.0722,0.015,0.029,0.0071,0.0474,-0.017,0.034,0.0865,-0.0112,0.0025,-0.01,0.0064
2015-01-31,-0.0989,0.0495,0.0852,0.0472,0.034,-0.0292,0.0411,-0.04,0.064,0.0833,0.015,0.0291,0.026,0.0289
2015-02-28,-0.0452,-0.0111,-0.0387,-0.0046,-0.0154,-0.012,0.0123,0.071,-0.016,-0.0481,0.0035,0.0022,-0.013,-0.0001
2015-03-31,-0.1065,0.0121,0.093,-0.0066,0.0053,0.061,0.0243,0.009,0.037,-0.0165,0.0386,-0.0191,0.021,0.0204
2015-04-30,-0.0062,-0.0509,-0.1078,-0.0166,0.0009,0.0083,0.0099,0.001,-0.057,-0.0494,-0.0298,-0.0325,-0.013,-0.0324
2015-05-31,0.3366,-0.0237,0.0465,0.0213,0.0071,-0.0167,0.0206,0.018,0.039,0.0053,-0.0089,0.0047,0.051,0.0011
2015-06-30,-0.068,0.0018,-0.1072,-0.0482,-0.0458,-0.0206,-0.0062,0.017,-0.004,-0.018,-0.0308,-0.0336,0.003,-0.0315
2015-07-31,-0.0092,0.0126,0.166,0.0022,0.0466,-0.0038,-0.0309,0.024,-0.008,-0.0023,0.0543,0.0008,-0.009,0.039
2015-08-31,-0.0686,-0.0466,-0.0241,-0.0469,-0.0265,0.0237,-0.0304,-0.038,0.028,-0.0255,-0.0317,-0.048,-0.035,-0.0427
2015-09-30,0.1461,0.0211,0.0497,0.0306,0.039,-0.0392,0.0519,-0.001,0.035,0.0087,0.033,0.0129,-0.017,0.0347
2015-10-31,-0.0551,-0.0361,-0.0385,-0.0068,-0.0362,-0.0076,0.022,0.096,0.04,-0.0442,-0.022,-0.0294,0.079,-0.0142
2015-11-30,0.1889,0.0214,0.061,0.0162,0.0309,0.0484,-0.0172,0.018,0.025,0.0296,0.0344,0.0285,0.059,0.0344
2015-12-31,-0.1313,-0.0107,-0.0424,-0.0741,-0.0326,0.0162,-0.0372,-0.014,-0.044,-0.0391,0.0035,-0.0593,-0.001,-0.0158
2016-01-31,-0.1986,0.0713,0.0416,0.0776,0.0859,0.0179,-0.0354,-0.066,-0.031,0.0293,0.0471,0.0249,-0.017,0.0351
2016-02-29,0.0082,0.0258,0.0252,0.033,0.0502,-0.0013,0.0654,-0.102,-0.009,0.0129,0.0285,0.0169,-0.045,0.0176
2016-03-31,0.1216,-0.0376,-0.0404,-0.0213,-0.0695,-0.0301,0.0125,0.108,0.038,-0.0384,-0.0001,-0.0263,0.047,-0.0292
2016-04-30,0.0125,0.0256,-0.0338,0.0031,-0.0675,0.0178,0.0251,-0.028,0.059,0.0418,-0.0213,0.0116,-0.02,-0.0149
2016-05-31,-0.057,-0.0071,0.0016,-0.0206,-0.0233,-0.0208,-0.0048,0.052,-0.003,-0.0494,0.0114,-0.0313,0.068,-0.015
2016-06-30,0.1271,0.024,0.1242,0.0853,0.0215,-0.0259,0.0536,-0.075,0.03,0.0394,0.0633,0.041,0.022,0.0521
2016-07-31,0.1139,0.0126,0.0038,-0.0003,0.0184,-0.0063,-0.0234,0.044,0.026,-0.0047,0.0111,0.0363,0.026,0.0073
2016-08-31,0.1107,-0.0161,-0.0354,-0.088,-0.0542,0.0118,0.0601,0.028,0.019,-0.0742,-0.0129,-0.0649,0.03,-0.0172
2016-09-30,0.2334,-0.0432,0.0146,-0.0204,-0.0135,-0.0257,0.0186,0.004,0.034,-0.0357,0.0102,-0.0042,0.035,-0.003
2016-10-31,0.2114,-0.008,-0.1218,-0.0271,-0.0488,0.0154,-0.0322,0.019,-0.025,0.0255,-0.0269,-0.0505,-0.006,-0.0264
2016-11-30,-0.0734,-0.0299,-0.0372,0.0127,-0.0255,0.0352,-0.0121,0.005,-0.006,0.0813,-0.0088,0.0366,-0.071,-0.0123
2016-12-31,0.2262,0.0023,0.0217,0.0368,-0.009,-0.0118,0.0641,0.01,0.014,-0.004,0.0114,0.0163,0.007,0.015
2017-01-31,0.0332,-0.0258,-0.0051,-0.0345,-0.0083,-0.0095,0.034,0.023,0.022,-0.045,-0.0038,-0.0249,0.062,-0.0112
2017-02-28,0.1044,-0.0015,0.0587,-0.0117,0.0469,-0.0303,0.0046,0.023,0.001,-0.0348,0.0267,0.0224,0.021,0.0227
2017-03-31,-0.0664,-0.0137,-0.0094,-0.0193,-0.0641,0.0139,0.0113,-0.004,0.0,-0.0656,0.0091,-0.0241,0.042,0.0001
2017-04-30,0.2451,0.0122,-0.0029,0.0187,0.0038,0.0113,0.0373,-0.015,0.002,-0.0035,0.0121,0.0043,0.006,-0.0071
2017-05-31,-0.1911,-0.0424,-0.0074,0.0021,0.02,-0.0082,0.0224,0.053,-0.013,0.0044,-0.0058,-0.0016,0.063,0.0019
2017-06-30,-0.1257,-0.0063,-0.0314,0.0234,-0.0453,0.0105,0.0313,0.005,-0.011,0.029,-0.0405,0.0086,-0.022,-0.0187
2017-07-31,0.1495,0.0189,-0.0254,-0.0054,0.0087,-0.0045,0.0216,-0.002,-0.021,0.0397,0.0063,-0.0016,0.04,-0.001
2017-08-31,0.0899,0.0128,-0.0048,0.0097,0.0115,-0.0132,0.0223,0.009,0.02,-0.0362,0.0371,0.0227,0.026,0.0256
2017-09-30,-0.0323,-0.0331,0.0023,-0.0018,-0.0667,-0.0081,0.0367,0.002,0.013,-0.0256,-0.0147,-0.0374,0.032,-0.017
2017-10-31,-0.1685,0.0055,0.1411,0.0348,0.0624,0.0009,0.0249,0.021,-0.036,-0.0026,0.0325,0.0786,0.044,0.0389
2017-11-30,-0.0587,-0.0209,0.0338,-0.0204,-0.0045,0.014,-0.0044,0.056,-0.001,-0.0097,-0.0046,-0.0321,0.023,0.0033
2017-12-31,-0.0055,0.0025,0.0614,0.034,0.0304,-0.014,0.0733,0.014,0.136,-0.0092,-0.0009,0.0536,-0.02,0.0322
2018-01-31,0.2052,0.0177,0.1072,0.0858,0.1249,-0.0042,-0.0223,0.013,0.275,0.1112,-0.0216,0.1064,0.082,0.0385
2018-02-28,0.0606,-0.0268,-0.1966,-0.0296,-0.0578,-0.0093,-0.007,-0.032,-0.013,-0.0148,-0.0602,-0.0962,-0.016,-0.056
2018-03-31,-0.025,-0.0111,-0.0038,-0.0085,-0.0171,-0.0309,-0.002,0.037,0.034,-0.0207,0.0255,-0.0074,-0.009,-0.0028
2018-04-30,0.0013,0.0175,0.058,-0.0066,0.0002,0.0219,-0.0135,0.016,0.07,0.0078,0.0062,0.0179,-0.032,0.0172
2018-05-31,0.0682,-0.0407,-0.0678,-0.0147,0.0087,0.0065,-0.0243,0.098,0.129,-0.0362,-0.0405,0.0786,0.0815,-0.017
2018-06-30,-0.1244,-0.042,0.0138,0.0026,0.0115,-0.0081,0.0367,0.044,0.056,-0.0256,0.0063,-0.0321,-0.025,0.0389
2018-07-31,0.2064,-0.0061,-0.0154,0.034,-0.0667,0.0009,0.0249,0.056,0.275,-0.0026,0.0371,0.0536,-0.025,0.0033
2018-08-31,0.0946,0.0188,0.0371,0.0858,0.0624,0.014,-0.0044,0.014,-0.013,-0.0097,-0.0147,0.1064,0.081,0.0322
2018-09-30,-0.0175,-0.0297,0.0263,-0.0296,-0.0045,-0.014,0.0733,0.013,0.034,-0.0092,0.0325,-0.0962,0.035,0.0385
2018-10-31,-0.1686,-0.0315,-0.1196,-0.0085,0.0304,-0.0042,-0.0223,-0.032,0.07,0.1112,-0.0046,-0.0074,-0.11,-0.056
2018-11-30,-0.004,-0.0193,-0.0585,-0.0066,0.1249,-0.0093,-0.007,0.037,0.129,-0.0148,-0.0009,0.0179,-0.02,-0.0028
2018-12-31,0.0671,-0.0108,0.0396,-0.0147,-0.0578,-0.0309,-0.002,0.016,0.056,-0.0207,-0.0216,-0.0016,-0.006,0.0172
2019-01-31,-0.004,-0.0193,-0.0344,0.0026,-0.0171,0.0219,-0.0135,0.098,-0.001,0.0078,-0.0602,0.0227,-0.02,-0.001
2019-02-28,0.0671,-0.0044,0.0396,0.034,0.0002,0.0065,-0.0243,0.044,0.136,0.0397,0.0255,-0.0374,-0.006,0.0256
