Date,AvgReturn-dunn-capital-management--wma-program,AvgReturn-eckhardt-trading-company--evolution-strategy,AvgReturn-mak-capital--one-fund,AvgReturn-tim--trend-2,AvgReturn-winton-capital--futures-program,RankLabel-AvgReturn-dunn-capital-management--wma-program,Rank-AvgReturn-dunn-capital-management--wma-program,RankN-AvgReturn-dunn-capital-management--wma-program,RankLabel-AvgReturn-eckhardt-trading-company--evolution-strategy,Rank-AvgReturn-eckhardt-trading-company--evolution-strategy,RankN-AvgReturn-eckhardt-trading-company--evolution-strategy,RankLabel-AvgReturn-mak-capital--one-fund,Rank-AvgReturn-mak-capital--one-fund,RankN-AvgReturn-mak-capital--one-fund,RankLabel-AvgReturn-tim--trend-2,Rank-AvgReturn-tim--trend-2,RankN-AvgReturn-tim--trend-2,RankLabel-AvgReturn-winton-capital--futures-program,Rank-AvgReturn-winton-capital--futures-program,RankN-AvgReturn-winton-capital--futures-program
1984-11-30,-0.1095,,,,,1stQ,0,"(-0.111, 0.0155]",,,,,,,,,,,,
1984-12-31,0.035300000000000005,,,,,4thQ,3,"(0.0181, 0.0583]",,,,,,,,,,,,
1985-01-31,0.044300000000000006,,,,,4thQ,3,"(0.0181, 0.0583]",,,,,,,,,,,,
1985-02-28,0.058300000000000005,,,,,4thQ,3,"(0.0181, 0.0583]",,,,,,,,,,,,
1985-03-31,0.03214,,,,,4thQ,3,"(0.0181, 0.0583]",,,,,,,,,,,,
1985-04-30,0.004966666666666675,,,,,1stQ,0,"(-0.111, 0.0155]",,,,,,,,,,,,
1985-05-31,0.0352,,,,,4thQ,3,"(0.0181, 0.0583]",,,,,,,,,,,,
1985-06-30,0.022312500000000006,,,,,4thQ,3,"(0.0181, 0.0583]",,,,,,,,,,,,
1985-07-31,0.010544444444444448,,,,,1stQ,0,"(-0.111, 0.0155]",,,,,,,,,,,,
1985-08-31,-0.003989999999999996,,,,,1stQ,0,"(-0.111, 0.0155]",,,,,,,,,,,,
1985-09-30,-0.03151818181818182,,,,,1stQ,0,"(-0.111, 0.0155]",,,,,,,,,,,,
1985-10-31,-0.023316666666666663,,,,,1stQ,0,"(-0.111, 0.0155]",,,,,,,,,,,,
1985-11-30,-0.011053846153846148,,,,,1stQ,0,"(-0.111, 0.0155]",,,,,,,,,,,,
1985-12-31,-0.003107142857142853,,,,,1stQ,0,"(-0.111, 0.0155]",,,,,,,,,,,,
1986-01-31,-0.003899999999999996,,,,,1stQ,0,"(-0.111, 0.0155]",,,,,,,,,,,,
1986-02-28,0.011687500000000003,,,,,1stQ,0,"(-0.111, 0.0155]",,,,,,,,,,,,
1986-03-31,0.018017647058823534,,,,,3rdQ,2,"(0.0164, 0.0181]",,,,,,,,,,,,
1986-04-30,0.013911111111111115,,,,,1stQ,0,"(-0.111, 0.0155]",,,,,,,,,,,,
1986-05-31,0.010031578947368424,,,,,1stQ,0,"(-0.111, 0.0155]",,,,,,,,,,,,
1986-06-30,0.002540000000000003,,,,,1stQ,0,"(-0.111, 0.0155]",,,,,,,,,,,,
1986-07-31,0.0004190476190476221,,,,,1stQ,0,"(-0.111, 0.0155]",,,,,,,,,,,,
1986-08-31,0.0060590909090909115,,,,,1stQ,0,"(-0.111, 0.0155]",,,,,,,,,,,,
1986-09-30,0.006073913043478263,,,,,1stQ,0,"(-0.111, 0.0155]",,,,,,,,,,,,
1986-10-31,0.0046583333333333355,,,,,1stQ,0,"(-0.111, 0.0155]",,,,,,,,,,,,
1986-11-30,0.002000000000000002,,,,,1stQ,0,"(-0.111, 0.0155]",,,,,,,,,,,,
1986-12-31,0.0018807692307692332,,,,,1stQ,0,"(-0.111, 0.0155]",,,,,,,,,,,,
1987-01-31,0.005074074074074076,,,,,1stQ,0,"(-0.111, 0.0155]",,,,,,,,,,,,
1987-02-28,0.004267857142857144,,,,,1stQ,0,"(-0.111, 0.0155]",,,,,,,,,,,,
1987-03-31,0.006596551724137933,,,,,1stQ,0,"(-0.111, 0.0155]",,,,,,,,,,,,
1987-04-30,0.01692,,,,,3rdQ,2,"(0.0164, 0.0181]",,,,,,,,,,,,
1987-05-31,0.015506451612903227,,,,,2ndQ,1,"(0.0155, 0.0164]",,,,,,,,,,,,
1987-06-30,0.013581250000000001,,,,,1stQ,0,"(-0.111, 0.0155]",,,,,,,,,,,,
1987-07-31,0.014978787878787881,,,,,1stQ,0,"(-0.111, 0.0155]",,,,,,,,,,,,
1987-08-31,0.013661764705882354,,,,,1stQ,0,"(-0.111, 0.0155]",,,,,,,,,,,,
1987-09-30,0.014842857142857145,,,,,1stQ,0,"(-0.111, 0.0155]",,,,,,,,,,,,
1987-10-31,0.01287777777777778,,,,,1stQ,0,"(-0.111, 0.0155]",,,,,,,,,,,,
1987-11-30,0.01732972972972973,,,,,3rdQ,2,"(0.0164, 0.0181]",,,,,,,,,,,,
1987-12-31,0.017389473684210528,,,,,3rdQ,2,"(0.0164, 0.0181]",,,,,,,,,,,,
1988-01-31,0.01713076923076923,,,,,3rdQ,2,"(0.0164, 0.0181]",,,,,,,,,,,,
1988-02-29,0.0177875,,,,,3rdQ,2,"(0.0164, 0.0181]",,,,,,,,,,,,
1988-03-31,0.01575609756097561,,,,,2ndQ,1,"(0.0155, 0.0164]",,,,,,,,,,,,
1988-04-30,0.014792857142857144,,,,,1stQ,0,"(-0.111, 0.0155]",,,,,,,,,,,,
1988-05-31,0.015351162790697676,,,,,1stQ,0,"(-0.111, 0.0155]",,,,,,,,,,,,
1988-06-30,0.014875000000000001,,,,,1stQ,0,"(-0.111, 0.0155]",,,,,,,,,,,,
1988-07-31,0.01413777777777778,,,,,1stQ,0,"(-0.111, 0.0155]",,,,,,,,,,,,
1988-08-31,0.013254347826086957,,,,,1stQ,0,"(-0.111, 0.0155]",,,,,,,,,,,,
1988-09-30,0.013393617021276597,,,,,1stQ,0,"(-0.111, 0.0155]",,,,,,,,,,,,
1988-10-31,0.013514583333333335,,,,,1stQ,0,"(-0.111, 0.0155]",,,,,,,,,,,,
1988-11-30,0.01309183673469388,,,,,1stQ,0,"(-0.111, 0.0155]",,,,,,,,,,,,
1988-12-31,0.00949,,,,,1stQ,0,"(-0.111, 0.0155]",,,,,,,,,,,,
1989-01-31,0.013441176470588236,,,,,1stQ,0,"(-0.111, 0.0155]",,,,,,,,,,,,
1989-02-28,0.01236923076923077,,,,,1stQ,0,"(-0.111, 0.0155]",,,,,,,,,,,,
1989-03-31,0.01389056603773585,,,,,1stQ,0,"(-0.111, 0.0155]",,,,,,,,,,,,
1989-04-30,0.014761111111111112,,,,,1stQ,0,"(-0.111, 0.0155]",,,,,,,,,,,,
1989-05-31,0.018132727272727273,,,,,4thQ,3,"(0.0181, 0.0583]",,,,,,,,,,,,
1989-06-30,0.018382142857142857,,,,,4thQ,3,"(0.0181, 0.0583]",,,,,,,,,,,,
1989-07-31,0.019489473684210525,,,,,4thQ,3,"(0.0181, 0.0583]",,,,,,,,,,,,
1989-08-31,0.016908620689655172,,,,,3rdQ,2,"(0.0164, 0.0181]",,,,,,,,,,,,
1989-09-30,0.01635762711864407,,,,,2ndQ,1,"(0.0155, 0.0164]",,,,,,,,,,,,
1989-10-31,0.013309999999999999,,,,,1stQ,0,"(-0.111, 0.0155]",,,,,,,,,,,,
1989-11-30,0.014295081967213115,,,,,1stQ,0,"(-0.111, 0.0155]",,,,,,,,,,,,
1989-12-31,0.013190322580645161,,,,,1stQ,0,"(-0.111, 0.0155]",,,,,,,,,,,,
1990-01-31,0.0167031746031746,,,,,3rdQ,2,"(0.0164, 0.0181]",,,,,,,,,,,,
1990-02-28,0.017278125000000002,,,,,3rdQ,2,"(0.0164, 0.0181]",,,,,,,,,,,,
1990-03-31,0.017952307692307694,,,,,3rdQ,2,"(0.0164, 0.0181]",,,,,,,,,,,,
1990-04-30,0.018710606060606063,,,,,4thQ,3,"(0.0181, 0.0583]",,,,,,,,,,,,
1990-05-31,0.016755223880597015,,,,,3rdQ,2,"(0.0164, 0.0181]",,,,,,,,,,,,
1990-06-30,0.01709558823529412,,,,,3rdQ,2,"(0.0164, 0.0181]",,,,,,,,,,,,
1990-07-31,0.017046376811594204,,,,,3rdQ,2,"(0.0164, 0.0181]",,,,,,,,,,,,
1990-08-31,0.017098571428571428,,,,,3rdQ,2,"(0.0164, 0.0181]",,,,,,,,,,,,
1990-09-30,0.01738732394366197,,,,,3rdQ,2,"(0.0164, 0.0181]",,,,,,,,,,,,
1990-10-31,0.017090277777777777,,,,,3rdQ,2,"(0.0164, 0.0181]",,,,,,,,,,,,
1990-11-30,0.017601369863013697,,,,,3rdQ,2,"(0.0164, 0.0181]",,,,,,,,,,,,
1990-12-31,0.017202702702702705,,,,,3rdQ,2,"(0.0164, 0.0181]",,,,,,,,,,,,
1991-01-31,0.016033333333333333,,,,,2ndQ,1,"(0.0155, 0.0164]",,,,,,,,,,,,
1991-02-28,0.015228947368421052,,,,,1stQ,0,"(-0.111, 0.0155]",,,,,,,,,,,,
1991-03-31,0.016368831168831168,,,,,2ndQ,1,"(0.0155, 0.0164]",,,,,,,,,,,,
1991-04-30,0.015583333333333334,,,,,2ndQ,1,"(0.0155, 0.0164]",,,,,,,,,,,,
1991-05-31,0.014754430379746835,,,,,1stQ,0,"(-0.111, 0.0155]",,,,,,,,,,,,
1991-06-30,0.014512500000000001,,,,,1stQ,0,"(-0.111, 0.0155]",,,,,,,,,,,,
1991-07-31,0.014019753086419753,,,,,1stQ,0,"(-0.111, 0.0155]",,,,,,,,,,,,
1991-08-31,0.015059756097560977,-0.01,,,,1stQ,0,"(-0.111, 0.0155]",1stQ,0.0,"(-0.011, 0.0136]",,,,,,,,,
1991-09-30,0.01599036144578313,0.0282,,,,2ndQ,1,"(0.0155, 0.0164]",4thQ,3.0,"(0.021, 0.0718]",,,,,,,,,
1991-10-31,0.014022619047619048,0.019633333333333332,,,,1stQ,0,"(-0.111, 0.0155]",3rdQ,2.0,"(0.0168, 0.021]",,,,,,,,,
1991-11-30,0.013998823529411765,0.01995,,,,1stQ,0,"(-0.111, 0.0155]",3rdQ,2.0,"(0.0168, 0.021]",,,,,,,,,
1991-12-31,0.017466279069767443,0.0718,,,,3rdQ,2,"(0.0164, 0.0181]",4thQ,3.0,"(0.021, 0.0718]",,,,,,,,,
1992-01-31,0.015595402298850574,0.03438333333333333,,,,2ndQ,1,"(0.0155, 0.0164]",4thQ,3.0,"(0.021, 0.0718]",,,,,,,,,
1992-02-29,0.01531590909090909,0.018671428571428568,,,,1stQ,0,"(-0.111, 0.0155]",3rdQ,2.0,"(0.0168, 0.021]",,,,,,,,,
1992-03-31,0.015597752808988763,0.009212499999999998,,,,2ndQ,1,"(0.0155, 0.0164]",1stQ,0.0,"(-0.011, 0.0136]",,,,,,,,,
1992-04-30,0.013746666666666667,0.010655555555555554,,,,1stQ,0,"(-0.111, 0.0155]",1stQ,0.0,"(-0.011, 0.0136]",,,,,,,,,
1992-05-31,0.013556043956043956,0.006139999999999998,,,,1stQ,0,"(-0.111, 0.0155]",1stQ,0.0,"(-0.011, 0.0136]",,,,,,,,,
1992-06-30,0.014826086956521737,0.01408181818181818,,,,1stQ,0,"(-0.111, 0.0155]",2ndQ,1.0,"(0.0136, 0.0168]",,,,,,,,,
1992-07-31,0.015895698924731184,0.022433333333333333,,,,2ndQ,1,"(0.0155, 0.0164]",4thQ,3.0,"(0.021, 0.0718]",,,,,,,,,
1992-08-31,0.016703191489361703,0.026484615384615384,,,,3rdQ,2,"(0.0164, 0.0181]",4thQ,3.0,"(0.021, 0.0718]",,,,,,,,,
1992-09-30,0.015661052631578947,0.023749999999999997,,,,2ndQ,1,"(0.0155, 0.0164]",4thQ,3.0,"(0.021, 0.0718]",,,,,,,,,
1992-10-31,0.014933333333333333,0.019266666666666665,,,,1stQ,0,"(-0.111, 0.0155]",3rdQ,2.0,"(0.0168, 0.021]",,,,,,,,,
1992-11-30,0.014336082474226805,0.022875,,,,1stQ,0,"(-0.111, 0.0155]",4thQ,3.0,"(0.021, 0.0718]",,,,,,,,,
1992-12-31,0.013358163265306122,0.018823529411764708,,,,1stQ,0,"(-0.111, 0.0155]",3rdQ,2.0,"(0.0168, 0.021]",,,,,,,,,
1993-01-31,0.013516161616161617,0.01701111111111111,,,,1stQ,0,"(-0.111, 0.0155]",3rdQ,2.0,"(0.0168, 0.021]",,,,,,,,,
1993-02-28,0.01478,0.021184210526315788,,0.1599,,1stQ,0,"(-0.111, 0.0155]",4thQ,3.0,"(0.021, 0.0718]",,,,4thQ,3.0,"(0.055, 0.312]",,,
1993-03-31,0.01430891089108911,0.015985,,0.11549999999999999,,1stQ,0,"(-0.111, 0.0155]",2ndQ,1.0,"(0.0136, 0.0168]",,,,4thQ,3.0,"(0.055, 0.312]",,,
1993-04-30,0.015381372549019607,0.019704761904761905,,0.31193333333333334,,1stQ,0,"(-0.111, 0.0155]",3rdQ,2.0,"(0.0168, 0.021]",,,,4thQ,3.0,"(0.055, 0.312]",,,
1993-05-31,0.015597087378640778,0.020540909090909092,,0.23045,,2ndQ,1,"(0.0155, 0.0164]",3rdQ,2.0,"(0.0168, 0.021]",,,,4thQ,3.0,"(0.055, 0.312]",,,
1993-06-30,0.015502884615384616,0.024921739130434783,,0.18137999999999999,,2ndQ,1,"(0.0155, 0.0164]",4thQ,3.0,"(0.021, 0.0718]",,,,4thQ,3.0,"(0.055, 0.312]",,,
1993-07-31,0.01606095238095238,0.027804166666666668,,0.16473333333333331,,2ndQ,1,"(0.0155, 0.0164]",4thQ,3.0,"(0.021, 0.0718]",,,,4thQ,3.0,"(0.055, 0.312]",,,
1993-08-31,0.01670377358490566,0.028632,,0.14865714285714285,,3rdQ,2,"(0.0164, 0.0181]",4thQ,3.0,"(0.021, 0.0718]",,,,4thQ,3.0,"(0.055, 0.312]",,,
1993-09-30,0.016078504672897197,0.024965384615384615,,0.14961249999999998,,2ndQ,1,"(0.0155, 0.0164]",4thQ,3.0,"(0.021, 0.0718]",,,,4thQ,3.0,"(0.055, 0.312]",,,
1993-10-31,0.016076851851851853,0.024685185185185185,,0.12635555555555555,,2ndQ,1,"(0.0155, 0.0164]",4thQ,3.0,"(0.021, 0.0718]",,,,4thQ,3.0,"(0.055, 0.312]",,,
1993-11-30,0.016023853211009173,0.02555357142857143,,0.13627,,2ndQ,1,"(0.0155, 0.0164]",4thQ,3.0,"(0.021, 0.0718]",,,,4thQ,3.0,"(0.055, 0.312]",,,
1993-12-31,0.016432727272727272,0.02793103448275862,,0.12131818181818183,,2ndQ,1,"(0.0155, 0.0164]",4thQ,3.0,"(0.021, 0.0718]",,,,4thQ,3.0,"(0.055, 0.312]",,,
1994-01-31,0.01613063063063063,0.0209,,0.10853333333333333,,2ndQ,1,"(0.0155, 0.0164]",3rdQ,2.0,"(0.0168, 0.021]",,,,4thQ,3.0,"(0.055, 0.312]",,,
1994-02-28,0.015509821428571427,0.02,,0.0945,,2ndQ,1,"(0.0155, 0.0164]",3rdQ,2.0,"(0.0168, 0.021]",,,,4thQ,3.0,"(0.055, 0.312]",,,
1994-03-31,0.016691150442477876,0.02268125,,0.09292142857142857,,3rdQ,2,"(0.0164, 0.0181]",4thQ,3.0,"(0.021, 0.0718]",,,,4thQ,3.0,"(0.055, 0.312]",,,
1994-04-30,0.017156140350877192,0.02265151515151515,,0.08984666666666666,,3rdQ,2,"(0.0164, 0.0181]",4thQ,3.0,"(0.021, 0.0718]",,,,4thQ,3.0,"(0.055, 0.312]",,,
1994-05-31,0.01746,0.023470588235294118,,0.09648125,,3rdQ,2,"(0.0164, 0.0181]",4thQ,3.0,"(0.021, 0.0718]",,,,4thQ,3.0,"(0.055, 0.312]",,,
1994-06-30,0.017593103448275863,0.023274285714285713,,0.13153529411764706,,3rdQ,2,"(0.0164, 0.0181]",4thQ,3.0,"(0.021, 0.0718]",,,,4thQ,3.0,"(0.055, 0.312]",,,
1994-07-31,0.0162991452991453,0.0226,,0.11098888888888889,,2ndQ,1,"(0.0155, 0.0164]",4thQ,3.0,"(0.021, 0.0718]",,,,4thQ,3.0,"(0.055, 0.312]",,,
1994-08-31,0.014663559322033897,0.019667567567567566,,0.10642105263157893,,1stQ,0,"(-0.111, 0.0155]",3rdQ,2.0,"(0.0168, 0.021]",,,,4thQ,3.0,"(0.055, 0.312]",,,
1994-09-30,0.014147058823529412,0.02266578947368421,,0.101745,,1stQ,0,"(-0.111, 0.0155]",4thQ,3.0,"(0.021, 0.0718]",,,,4thQ,3.0,"(0.055, 0.312]",,,
1994-10-31,0.013944166666666667,0.01939230769230769,,0.10435714285714286,,1stQ,0,"(-0.111, 0.0155]",3rdQ,2.0,"(0.0168, 0.021]",,,,4thQ,3.0,"(0.055, 0.312]",,,
1994-11-30,0.0138900826446281,0.0210925,,0.10123636363636362,,1stQ,0,"(-0.111, 0.0155]",4thQ,3.0,"(0.021, 0.0718]",,,,4thQ,3.0,"(0.055, 0.312]",,,
1994-12-31,0.01343032786885246,0.018029268292682928,,0.09194347826086957,,1stQ,0,"(-0.111, 0.0155]",3rdQ,2.0,"(0.0168, 0.021]",,,,4thQ,3.0,"(0.055, 0.312]",,,
1995-01-31,0.013360975609756097,0.01726904761904762,,0.08878333333333333,,1stQ,0,"(-0.111, 0.0155]",3rdQ,2.0,"(0.0168, 0.021]",,,,4thQ,3.0,"(0.055, 0.312]",,,
1995-02-28,0.014358870967741934,0.018925581395348837,,0.079512,,1stQ,0,"(-0.111, 0.0155]",3rdQ,2.0,"(0.0168, 0.021]",,,,4thQ,3.0,"(0.055, 0.312]",,,
1995-03-31,0.0161968,0.021706818181818185,,0.08287307692307692,,2ndQ,1,"(0.0155, 0.0164]",4thQ,3.0,"(0.021, 0.0718]",,,,4thQ,3.0,"(0.055, 0.312]",,,
1995-04-30,0.016369841269841267,0.02193777777777778,,0.07792592592592593,,2ndQ,1,"(0.0155, 0.0164]",4thQ,3.0,"(0.021, 0.0718]",,,,4thQ,3.0,"(0.055, 0.312]",,,
1995-05-31,0.016036220472440944,0.025836956521739132,,0.07944285714285715,,2ndQ,1,"(0.0155, 0.0164]",4thQ,3.0,"(0.021, 0.0718]",,,,4thQ,3.0,"(0.055, 0.312]",,,
1995-06-30,0.01563046875,0.025006382978723405,,0.07653103448275861,,2ndQ,1,"(0.0155, 0.0164]",4thQ,3.0,"(0.021, 0.0718]",,,,4thQ,3.0,"(0.055, 0.312]",,,
1995-07-31,0.015558139534883721,0.0223375,,0.07605666666666666,,2ndQ,1,"(0.0155, 0.0164]",4thQ,3.0,"(0.021, 0.0718]",,,,4thQ,3.0,"(0.055, 0.312]",,,
1995-08-31,0.016858461538461537,0.021214285714285717,,0.07200967741935484,,3rdQ,2,"(0.0164, 0.0181]",4thQ,3.0,"(0.021, 0.0718]",,,,4thQ,3.0,"(0.055, 0.312]",,,
1995-09-30,0.01623206106870229,0.02023,,0.07156875,,2ndQ,1,"(0.0155, 0.0164]",3rdQ,2.0,"(0.0168, 0.021]",,,,4thQ,3.0,"(0.055, 0.312]",,,
1995-10-31,0.016928787878787876,0.01873921568627451,,0.06633636363636364,,3rdQ,2,"(0.0164, 0.0181]",3rdQ,2.0,"(0.0168, 0.021]",,,,4thQ,3.0,"(0.055, 0.312]",,,
1995-11-30,0.017640601503759398,0.02015576923076923,,0.06983529411764706,,3rdQ,2,"(0.0164, 0.0181]",3rdQ,2.0,"(0.0168, 0.021]",,,,4thQ,3.0,"(0.055, 0.312]",,,
1995-12-31,0.017840298507462687,0.022230188679245283,,0.07495142857142857,,3rdQ,2,"(0.0164, 0.0181]",4thQ,3.0,"(0.021, 0.0718]",,,,4thQ,3.0,"(0.055, 0.312]",,,
1996-01-31,0.018877037037037036,0.023433333333333334,,0.07356388888888889,,4thQ,3,"(0.0181, 0.0583]",4thQ,3.0,"(0.021, 0.0718]",,,,4thQ,3.0,"(0.055, 0.312]",,,
1996-02-29,0.017758088235294116,0.022025454545454546,,0.07078648648648649,,3rdQ,2,"(0.0164, 0.0181]",4thQ,3.0,"(0.021, 0.0718]",,,,4thQ,3.0,"(0.055, 0.312]",,,
1996-03-31,0.018325547445255476,0.022096428571428572,,0.06932105263157895,,4thQ,3,"(0.0181, 0.0583]",4thQ,3.0,"(0.021, 0.0718]",,,,4thQ,3.0,"(0.055, 0.312]",,,
1996-04-30,0.018857246376811593,0.02477543859649123,,0.07156410256410256,,4thQ,3,"(0.0181, 0.0583]",4thQ,3.0,"(0.021, 0.0718]",,,,4thQ,3.0,"(0.055, 0.312]",,,
1996-05-31,0.018636690647482013,0.022748275862068967,,0.0664075,,4thQ,3,"(0.0181, 0.0583]",4thQ,3.0,"(0.021, 0.0718]",,,,4thQ,3.0,"(0.055, 0.312]",,,
1996-06-30,0.01854642857142857,0.0218,,0.0662951219512195,,4thQ,3,"(0.0181, 0.0583]",4thQ,3.0,"(0.021, 0.0718]",,,,4thQ,3.0,"(0.055, 0.312]",,,
1996-07-31,0.017535460992907804,0.020723333333333333,,0.06502857142857142,,3rdQ,2,"(0.0164, 0.0181]",3rdQ,2.0,"(0.0168, 0.021]",,,,4thQ,3.0,"(0.055, 0.312]",,,
1996-08-31,0.017045774647887323,0.02018688524590164,,0.06292790697674418,,3rdQ,2,"(0.0164, 0.0181]",3rdQ,2.0,"(0.0168, 0.021]",,,,4thQ,3.0,"(0.055, 0.312]",,,
1996-09-30,0.017804195804195802,0.022691935483870967,,0.06537727272727273,,3rdQ,2,"(0.0164, 0.0181]",4thQ,3.0,"(0.021, 0.0718]",,,,4thQ,3.0,"(0.055, 0.312]",,,
1996-10-31,0.01908888888888889,0.024909523809523812,,0.06154888888888888,,4thQ,3,"(0.0181, 0.0583]",4thQ,3.0,"(0.021, 0.0718]",,,,4thQ,3.0,"(0.055, 0.312]",,,
1996-11-30,0.020815172413793104,0.02630625,,0.06093695652173913,,4thQ,3,"(0.0181, 0.0583]",4thQ,3.0,"(0.021, 0.0718]",,,,4thQ,3.0,"(0.055, 0.312]",,,
1996-12-31,0.02018698630136986,0.025053846153846156,,0.058574468085106385,,4thQ,3,"(0.0181, 0.0583]",4thQ,3.0,"(0.021, 0.0718]",,,,4thQ,3.0,"(0.055, 0.312]",,,
1997-01-31,0.021262585034013605,0.026592424242424244,,0.05530625,,4thQ,3,"(0.0181, 0.0583]",4thQ,3.0,"(0.021, 0.0718]",,,,4thQ,3.0,"(0.055, 0.312]",,,
1997-02-28,0.021108783783783783,0.02722686567164179,,0.05535510204081633,,4thQ,3,"(0.0181, 0.0583]",4thQ,3.0,"(0.021, 0.0718]",,,,4thQ,3.0,"(0.055, 0.312]",,,
1997-03-31,0.021115436241610736,0.027797058823529414,,0.055526,,4thQ,3,"(0.0181, 0.0583]",4thQ,3.0,"(0.021, 0.0718]",,,,4thQ,3.0,"(0.055, 0.312]",,,
1997-04-30,0.020543333333333334,0.02757391304347826,,0.054190196078431375,,4thQ,3,"(0.0181, 0.0583]",4thQ,3.0,"(0.021, 0.0718]",,,,3rdQ,2.0,"(0.0438, 0.055]",,,
1997-05-31,0.020017880794701987,0.02745,,0.053932692307692306,,4thQ,3,"(0.0181, 0.0583]",4thQ,3.0,"(0.021, 0.0718]",,,,3rdQ,2.0,"(0.0438, 0.055]",,,
1997-06-30,0.02056907894736842,0.027822535211267607,,0.05227358490566037,,4thQ,3,"(0.0181, 0.0583]",4thQ,3.0,"(0.021, 0.0718]",,,,3rdQ,2.0,"(0.0438, 0.055]",,,
1997-07-31,0.02153529411764706,0.028711111111111114,,0.05288518518518518,,4thQ,3,"(0.0181, 0.0583]",4thQ,3.0,"(0.021, 0.0718]",,,,3rdQ,2.0,"(0.0438, 0.055]",,,
1997-08-31,0.020732467532467533,0.027754794520547944,,0.05231636363636363,,4thQ,3,"(0.0181, 0.0583]",4thQ,3.0,"(0.021, 0.0718]",,,,3rdQ,2.0,"(0.0438, 0.055]",,,
1997-09-30,0.02101483870967742,0.02825945945945946,,0.05464464285714286,,4thQ,3,"(0.0181, 0.0583]",4thQ,3.0,"(0.021, 0.0718]",,,,3rdQ,2.0,"(0.0438, 0.055]",,,
1997-10-31,0.020839102564102565,0.027828,,0.057833333333333334,-0.1297,4thQ,3,"(0.0181, 0.0583]",4thQ,3.0,"(0.021, 0.0718]",,,,4thQ,3.0,"(0.055, 0.312]",1stQ,0.0,"(-0.131, 0.0116]"
1997-11-30,0.02133184713375796,0.026996052631578945,,0.0569,-0.015050000000000008,4thQ,3,"(0.0181, 0.0583]",4thQ,3.0,"(0.021, 0.0718]",,,,4thQ,3.0,"(0.055, 0.312]",1stQ,0.0,"(-0.131, 0.0116]"
1997-12-31,0.02129493670886076,0.02634025974025974,,0.06125254237288136,0.017766666666666663,4thQ,3,"(0.0181, 0.0583]",4thQ,3.0,"(0.021, 0.0718]",,,,4thQ,3.0,"(0.055, 0.312]",4thQ,3.0,"(0.0162, 0.0378]"
1998-01-31,0.021428301886792452,0.026614102564102564,,0.05853666666666667,0.017074999999999996,4thQ,3,"(0.0181, 0.0583]",4thQ,3.0,"(0.021, 0.0718]",,,,4thQ,3.0,"(0.055, 0.312]",4thQ,3.0,"(0.0162, 0.0378]"
1998-02-28,0.020963125,0.026591139240506333,,0.05586229508196721,0.020199999999999996,4thQ,3,"(0.0181, 0.0583]",4thQ,3.0,"(0.021, 0.0718]",,,,4thQ,3.0,"(0.055, 0.312]",4thQ,3.0,"(0.0162, 0.0378]"
1998-03-31,0.021080745341614908,0.025858750000000003,,0.053666129032258064,0.030199999999999994,4thQ,3,"(0.0181, 0.0583]",4thQ,3.0,"(0.021, 0.0718]",,,,3rdQ,2.0,"(0.0438, 0.055]",4thQ,3.0,"(0.0162, 0.0378]"
1998-04-30,0.02026851851851852,0.024901234567901234,,0.052663492063492065,0.023771428571428565,4thQ,3,"(0.0181, 0.0583]",4thQ,3.0,"(0.021, 0.0718]",,,,3rdQ,2.0,"(0.0438, 0.055]",4thQ,3.0,"(0.0162, 0.0378]"
1998-05-31,0.019852147239263804,0.0248280487804878,,0.05341875,0.0314625,4thQ,3,"(0.0181, 0.0583]",4thQ,3.0,"(0.021, 0.0718]",,,,3rdQ,2.0,"(0.0438, 0.055]",4thQ,3.0,"(0.0162, 0.0378]"
1998-06-30,0.019707926829268294,0.024718072289156626,,0.05500153846153846,0.03155555555555555,4thQ,3,"(0.0181, 0.0583]",4thQ,3.0,"(0.021, 0.0718]",,,,3rdQ,2.0,"(0.0438, 0.055]",4thQ,3.0,"(0.0162, 0.0378]"
1998-07-31,0.019505454545454545,0.024234523809523806,,0.05719545454545455,0.02975,4thQ,3,"(0.0181, 0.0583]",4thQ,3.0,"(0.021, 0.0718]",,,,4thQ,3.0,"(0.055, 0.312]",4thQ,3.0,"(0.0162, 0.0378]"
1998-08-31,0.021045180722891566,0.026923529411764707,,0.05729253731343283,0.0371,4thQ,3,"(0.0181, 0.0583]",4thQ,3.0,"(0.021, 0.0718]",,,,4thQ,3.0,"(0.055, 0.312]",4thQ,3.0,"(0.0162, 0.0378]"
1998-09-30,0.021888023952095808,0.02663139534883721,,0.055348529411764706,0.037774999999999996,4thQ,3,"(0.0181, 0.0583]",4thQ,3.0,"(0.021, 0.0718]",,,,4thQ,3.0,"(0.055, 0.312]",4thQ,3.0,"(0.0162, 0.0378]"
1998-10-31,0.021983333333333334,0.026370114942528736,,0.0528768115942029,0.030523076923076924,4thQ,3,"(0.0181, 0.0583]",4thQ,3.0,"(0.021, 0.0718]",,,,3rdQ,2.0,"(0.0438, 0.055]",4thQ,3.0,"(0.0162, 0.0378]"
1998-11-30,0.021041420118343195,0.02605340909090909,,0.0524,0.029185714285714284,4thQ,3,"(0.0181, 0.0583]",4thQ,3.0,"(0.021, 0.0718]",,,,3rdQ,2.0,"(0.0438, 0.055]",4thQ,3.0,"(0.0162, 0.0378]"
1998-12-31,0.020936470588235296,0.02583370786516854,,0.05140422535211268,0.03336666666666666,4thQ,3,"(0.0181, 0.0583]",4thQ,3.0,"(0.021, 0.0718]",,,,3rdQ,2.0,"(0.0438, 0.055]",4thQ,3.0,"(0.0162, 0.0378]"
1999-01-31,0.02004327485380117,0.02571222222222222,,0.05174444444444445,0.0303375,4thQ,3,"(0.0181, 0.0583]",4thQ,3.0,"(0.021, 0.0718]",,,,3rdQ,2.0,"(0.0438, 0.055]",4thQ,3.0,"(0.0162, 0.0378]"
1999-02-28,0.02015406976744186,0.025992307692307693,,0.055068493150684926,0.030641176470588238,4thQ,3,"(0.0181, 0.0583]",4thQ,3.0,"(0.021, 0.0718]",,,,4thQ,3.0,"(0.055, 0.312]",4thQ,3.0,"(0.0162, 0.0378]"
1999-03-31,0.02028150289017341,0.02503804347826087,,0.05573378378378378,0.026583333333333334,4thQ,3,"(0.0181, 0.0583]",4thQ,3.0,"(0.021, 0.0718]",,,,4thQ,3.0,"(0.055, 0.312]",4thQ,3.0,"(0.0162, 0.0378]"
1999-04-30,0.020399999999999998,0.024490322580645162,,0.056119999999999996,0.030494736842105265,4thQ,3,"(0.0181, 0.0583]",4thQ,3.0,"(0.021, 0.0718]",,,,4thQ,3.0,"(0.055, 0.312]",4thQ,3.0,"(0.0162, 0.0378]"
1999-05-31,0.020719428571428573,0.02397127659574468,,0.055477631578947376,0.02468,4thQ,3,"(0.0181, 0.0583]",4thQ,3.0,"(0.021, 0.0718]",,,,4thQ,3.0,"(0.055, 0.312]",4thQ,3.0,"(0.0162, 0.0378]"
1999-06-30,0.021147727272727273,0.023869473684210524,,0.05504415584415585,0.026033333333333332,4thQ,3,"(0.0181, 0.0583]",4thQ,3.0,"(0.021, 0.0718]",,,,4thQ,3.0,"(0.055, 0.312]",4thQ,3.0,"(0.0162, 0.0378]"
1999-07-31,0.021057627118644066,0.024160416666666667,,0.05702051282051281,0.02397272727272727,4thQ,3,"(0.0181, 0.0583]",4thQ,3.0,"(0.021, 0.0718]",,,,4thQ,3.0,"(0.055, 0.312]",4thQ,3.0,"(0.0162, 0.0378]"
1999-08-31,0.021263483146067415,0.023331958762886598,,0.056541772151898734,0.021347826086956522,4thQ,3,"(0.0181, 0.0583]",4thQ,3.0,"(0.021, 0.0718]",,,,4thQ,3.0,"(0.055, 0.312]",4thQ,3.0,"(0.0162, 0.0378]"
1999-09-30,0.021345810055865923,0.023431632653061224,,0.05538875,0.020391666666666666,4thQ,3,"(0.0181, 0.0583]",4thQ,3.0,"(0.021, 0.0718]",,,,4thQ,3.0,"(0.055, 0.312]",4thQ,3.0,"(0.0162, 0.0378]"
1999-10-31,0.020837777777777778,0.022906060606060607,,0.056133333333333334,0.017124,4thQ,3,"(0.0181, 0.0583]",4thQ,3.0,"(0.021, 0.0718]",,,,4thQ,3.0,"(0.055, 0.312]",4thQ,3.0,"(0.0162, 0.0378]"
1999-11-30,0.020797237569060774,0.022681,,0.05437439024390244,0.021511538461538464,4thQ,3,"(0.0181, 0.0583]",4thQ,3.0,"(0.021, 0.0718]",,,,3rdQ,2.0,"(0.0438, 0.055]",4thQ,3.0,"(0.0162, 0.0378]"
1999-12-31,0.020384065934065936,0.022384158415841585,,0.056865060240963855,0.024122222222222222,4thQ,3,"(0.0181, 0.0583]",4thQ,3.0,"(0.021, 0.0718]",,,,4thQ,3.0,"(0.055, 0.312]",4thQ,3.0,"(0.0162, 0.0378]"
2000-01-31,0.020646994535519124,0.021954901960784312,,0.055820238095238096,0.02195357142857143,4thQ,3,"(0.0181, 0.0583]",4thQ,3.0,"(0.021, 0.0718]",,,,4thQ,3.0,"(0.055, 0.312]",4thQ,3.0,"(0.0162, 0.0378]"
2000-02-29,0.020375,0.02168252427184466,,0.05308823529411765,0.0218,4thQ,3,"(0.0181, 0.0583]",4thQ,3.0,"(0.021, 0.0718]",,,,3rdQ,2.0,"(0.0438, 0.055]",4thQ,3.0,"(0.0162, 0.0378]"
2000-03-31,0.01932756756756757,0.0212875,,0.05231976744186047,0.02003,4thQ,3,"(0.0181, 0.0583]",4thQ,3.0,"(0.021, 0.0718]",,,,3rdQ,2.0,"(0.0438, 0.055]",4thQ,3.0,"(0.0162, 0.0378]"
2000-04-30,0.018559139784946235,0.021057142857142854,,0.05098620689655173,0.019877419354838707,4thQ,3,"(0.0181, 0.0583]",4thQ,3.0,"(0.021, 0.0718]",,,,3rdQ,2.0,"(0.0438, 0.055]",4thQ,3.0,"(0.0162, 0.0378]"
2000-05-31,0.018054010695187167,0.021035849056603773,,0.05367954545454545,0.0191,3rdQ,2,"(0.0164, 0.0181]",3rdQ,2.0,"(0.0168, 0.021]",,,,3rdQ,2.0,"(0.0438, 0.055]",4thQ,3.0,"(0.0162, 0.0378]"
2000-06-30,0.017747872340425533,0.02070373831775701,,0.05702921348314607,0.018133333333333335,3rdQ,2,"(0.0164, 0.0181]",3rdQ,2.0,"(0.0168, 0.021]",,,,4thQ,3.0,"(0.055, 0.312]",4thQ,3.0,"(0.0162, 0.0378]"
2000-07-31,0.017683597883597885,0.02026111111111111,,0.056593333333333336,0.016326470588235296,3rdQ,2,"(0.0164, 0.0181]",3rdQ,2.0,"(0.0168, 0.021]",,,,4thQ,3.0,"(0.055, 0.312]",4thQ,3.0,"(0.0162, 0.0378]"
2000-08-31,0.017763684210526317,0.02011467889908257,,0.0554021978021978,0.016665714285714287,3rdQ,2,"(0.0164, 0.0181]",3rdQ,2.0,"(0.0168, 0.021]",,,,4thQ,3.0,"(0.055, 0.312]",4thQ,3.0,"(0.0162, 0.0378]"
2000-09-30,0.01716282722513089,0.020066363636363636,,0.05593369565217392,0.014108333333333334,3rdQ,2,"(0.0164, 0.0181]",3rdQ,2.0,"(0.0168, 0.021]",,,,4thQ,3.0,"(0.055, 0.312]",2ndQ,1.0,"(0.0116, 0.0143]"
2000-10-31,0.0175484375,0.019960360360360363,,0.05397956989247312,0.014402702702702703,3rdQ,2,"(0.0164, 0.0181]",3rdQ,2.0,"(0.0168, 0.021]",,,,3rdQ,2.0,"(0.0438, 0.055]",3rdQ,2.0,"(0.0143, 0.0162]"
2000-11-30,0.01891036269430052,0.02088035714285714,,0.05396063829787234,0.015892105263157895,4thQ,3,"(0.0181, 0.0583]",3rdQ,2.0,"(0.0168, 0.021]",,,,3rdQ,2.0,"(0.0438, 0.055]",3rdQ,2.0,"(0.0143, 0.0162]"
2000-12-31,0.02032783505154639,0.021582300884955753,,0.05291157894736842,0.019597435897435896,4thQ,3,"(0.0181, 0.0583]",4thQ,3.0,"(0.021, 0.0718]",,,,3rdQ,2.0,"(0.0438, 0.055]",4thQ,3.0,"(0.0162, 0.0378]"
2001-01-31,0.02061948717948718,0.0215359649122807,,0.05161354166666667,0.0202525,4thQ,3,"(0.0181, 0.0583]",4thQ,3.0,"(0.021, 0.0718]",,,,3rdQ,2.0,"(0.0438, 0.055]",4thQ,3.0,"(0.0162, 0.0378]"
2001-02-28,0.02054234693877551,0.021255652173913044,,0.05344948453608247,0.019897560975609754,4thQ,3,"(0.0181, 0.0583]",4thQ,3.0,"(0.021, 0.0718]",,,,3rdQ,2.0,"(0.0438, 0.055]",4thQ,3.0,"(0.0162, 0.0378]"
2001-03-31,0.020755837563451774,0.02110689655172414,,0.054265306122448974,0.021204761904761903,4thQ,3,"(0.0181, 0.0583]",4thQ,3.0,"(0.021, 0.0718]",,,,3rdQ,2.0,"(0.0438, 0.055]",4thQ,3.0,"(0.0162, 0.0378]"
2001-04-30,0.020198484848484848,0.020885470085470086,,0.054561616161616165,0.019495348837209305,4thQ,3,"(0.0181, 0.0583]",3rdQ,2.0,"(0.0168, 0.021]",,,,3rdQ,2.0,"(0.0438, 0.055]",4thQ,3.0,"(0.0162, 0.0378]"
2001-05-31,0.020051256281407037,0.020996610169491524,,0.054668999999999995,0.018297727272727275,4thQ,3,"(0.0181, 0.0583]",3rdQ,2.0,"(0.0168, 0.021]",,,,3rdQ,2.0,"(0.0438, 0.055]",4thQ,3.0,"(0.0162, 0.0378]"
2001-06-30,0.019535499999999997,0.020544537815126048,,0.054314851485148516,0.017235555555555556,4thQ,3,"(0.0181, 0.0583]",3rdQ,2.0,"(0.0168, 0.021]",,,,3rdQ,2.0,"(0.0438, 0.055]",4thQ,3.0,"(0.0162, 0.0378]"
2001-07-31,0.01944278606965174,0.020255000000000002,,0.05414705882352941,0.017017391304347824,4thQ,3,"(0.0181, 0.0583]",3rdQ,2.0,"(0.0168, 0.021]",,,,3rdQ,2.0,"(0.0438, 0.055]",4thQ,3.0,"(0.0162, 0.0378]"
2001-08-31,0.019666831683168316,0.020572727272727274,,0.054158252427184465,0.016659574468085105,4thQ,3,"(0.0181, 0.0583]",3rdQ,2.0,"(0.0168, 0.021]",,,,3rdQ,2.0,"(0.0438, 0.055]",4thQ,3.0,"(0.0162, 0.0378]"
2001-09-30,0.019625615763546798,0.020135245901639346,,0.054319230769230765,0.017245833333333332,4thQ,3,"(0.0181, 0.0583]",3rdQ,2.0,"(0.0168, 0.021]",,,,3rdQ,2.0,"(0.0438, 0.055]",4thQ,3.0,"(0.0162, 0.0378]"
2001-10-31,0.020546078431372548,0.020425203252032523,,0.05358952380952381,0.019434693877551017,4thQ,3,"(0.0181, 0.0583]",3rdQ,2.0,"(0.0168, 0.021]",,,,3rdQ,2.0,"(0.0438, 0.055]",4thQ,3.0,"(0.0162, 0.0378]"
2001-11-30,0.019298536585365855,0.02007016129032258,,0.054698113207547173,0.017534,4thQ,3,"(0.0181, 0.0583]",3rdQ,2.0,"(0.0168, 0.021]",,,,3rdQ,2.0,"(0.0438, 0.055]",4thQ,3.0,"(0.0162, 0.0378]"
2001-12-31,0.019531553398058253,0.019970400000000003,,0.05666448598130842,0.016401960784313725,4thQ,3,"(0.0181, 0.0583]",3rdQ,2.0,"(0.0168, 0.021]",,,,4thQ,3.0,"(0.055, 0.312]",4thQ,3.0,"(0.0162, 0.0378]"
2002-01-31,0.01958357487922705,0.020025396825396825,,0.05629351851851852,0.014007692307692306,4thQ,3,"(0.0181, 0.0583]",3rdQ,2.0,"(0.0168, 0.021]",,,,4thQ,3.0,"(0.055, 0.312]",2ndQ,1.0,"(0.0116, 0.0143]"
2002-02-28,0.01910144230769231,0.01950944881889764,,0.05449633027522936,0.012584905660377357,4thQ,3,"(0.0181, 0.0583]",3rdQ,2.0,"(0.0168, 0.021]",,,,3rdQ,2.0,"(0.0438, 0.055]",2ndQ,1.0,"(0.0116, 0.0143]"
2002-03-31,0.019124401913875596,0.0192796875,,0.05404454545454545,0.01447037037037037,4thQ,3,"(0.0181, 0.0583]",3rdQ,2.0,"(0.0168, 0.021]",,,,3rdQ,2.0,"(0.0438, 0.055]",3rdQ,2.0,"(0.0143, 0.0162]"
2002-04-30,0.01876142857142857,0.019434108527131785,,0.05536846846846847,0.01336,4thQ,3,"(0.0181, 0.0583]",3rdQ,2.0,"(0.0168, 0.021]",,,,4thQ,3.0,"(0.055, 0.312]",2ndQ,1.0,"(0.0116, 0.0143]"
2002-05-31,0.018928909952606637,0.01923230769230769,,0.05428660714285714,0.012442857142857143,4thQ,3,"(0.0181, 0.0583]",3rdQ,2.0,"(0.0168, 0.021]",,,,3rdQ,2.0,"(0.0438, 0.055]",2ndQ,1.0,"(0.0116, 0.0143]"
2002-06-30,0.019983018867924526,0.01928320610687023,,0.05358938053097345,0.013508771929824562,4thQ,3,"(0.0181, 0.0583]",3rdQ,2.0,"(0.0168, 0.021]",,,,3rdQ,2.0,"(0.0438, 0.055]",2ndQ,1.0,"(0.0116, 0.0143]"
2002-07-31,0.020584976525821596,0.019306818181818182,,0.0518780701754386,0.014101724137931034,4thQ,3,"(0.0181, 0.0583]",3rdQ,2.0,"(0.0168, 0.021]",,,,3rdQ,2.0,"(0.0438, 0.055]",2ndQ,1.0,"(0.0116, 0.0143]"
2002-08-31,0.02097943925233645,0.01913609022556391,,0.05237739130434782,0.014791525423728814,4thQ,3,"(0.0181, 0.0583]",3rdQ,2.0,"(0.0168, 0.021]",,,,3rdQ,2.0,"(0.0438, 0.055]",3rdQ,2.0,"(0.0143, 0.0162]"
2002-09-30,0.02130511627906977,0.018917910447761196,0.01,0.05379051724137931,0.015781666666666666,4thQ,3,"(0.0181, 0.0583]",3rdQ,2.0,"(0.0168, 0.021]",2ndQ,1.0,"(0.00975, 0.011]",3rdQ,2.0,"(0.0438, 0.055]",3rdQ,2.0,"(0.0143, 0.0162]"
2002-10-31,0.020638425925925928,0.01863703703703704,-0.012999999999999998,0.05411709401709401,0.014250819672131147,4thQ,3,"(0.0181, 0.0583]",3rdQ,2.0,"(0.0168, 0.021]",1stQ,0.0,"(-0.0227, 0.00975]",3rdQ,2.0,"(0.0438, 0.055]",2ndQ,1.0,"(0.0116, 0.0143]"
2002-11-30,0.01995806451612903,0.018397058823529412,-0.021666666666666667,0.05515169491525424,0.01384516129032258,4thQ,3,"(0.0181, 0.0583]",3rdQ,2.0,"(0.0168, 0.021]",1stQ,0.0,"(-0.0227, 0.00975]",4thQ,3.0,"(0.055, 0.312]",2ndQ,1.0,"(0.0116, 0.0143]"
2002-12-31,0.020845412844036695,0.019050364963503652,-0.016,0.053950420168067226,0.01576190476190476,4thQ,3,"(0.0181, 0.0583]",3rdQ,2.0,"(0.0168, 0.021]",1stQ,0.0,"(-0.0227, 0.00975]",3rdQ,2.0,"(0.0438, 0.055]",3rdQ,2.0,"(0.0143, 0.0162]"
2003-01-31,0.02106712328767123,0.01902536231884058,-0.005799999999999998,0.05430583333333334,0.01634375,4thQ,3,"(0.0181, 0.0583]",3rdQ,2.0,"(0.0168, 0.021]",1stQ,0.0,"(-0.0227, 0.00975]",3rdQ,2.0,"(0.0438, 0.055]",4thQ,3.0,"(0.0162, 0.0378]"
2003-02-28,0.021599999999999998,0.019410791366906478,-0.0011666666666666655,0.055349586776859507,0.01793076923076923,4thQ,3,"(0.0181, 0.0583]",3rdQ,2.0,"(0.0168, 0.021]",1stQ,0.0,"(-0.0227, 0.00975]",4thQ,3.0,"(0.055, 0.312]",4thQ,3.0,"(0.0162, 0.0378]"
2003-03-31,0.020486877828054296,0.019230714285714285,-0.0007142857142857132,0.0543172131147541,0.015971212121212122,4thQ,3,"(0.0181, 0.0583]",3rdQ,2.0,"(0.0168, 0.021]",1stQ,0.0,"(-0.0227, 0.00975]",3rdQ,2.0,"(0.0438, 0.055]",3rdQ,2.0,"(0.0143, 0.0162]"
2003-04-30,0.020465315315315317,0.01911631205673759,-0.001124999999999999,0.054017073170731705,0.01604179104477612,4thQ,3,"(0.0181, 0.0583]",3rdQ,2.0,"(0.0168, 0.021]",1stQ,0.0,"(-0.0227, 0.00975]",3rdQ,2.0,"(0.0438, 0.055]",3rdQ,2.0,"(0.0143, 0.0162]"
2003-05-31,0.02079730941704036,0.01931830985915493,0.0036666666666666675,0.054030645161290324,0.01730294117647059,4thQ,3,"(0.0181, 0.0583]",3rdQ,2.0,"(0.0168, 0.021]",1stQ,0.0,"(-0.0227, 0.00975]",3rdQ,2.0,"(0.0438, 0.055]",4thQ,3.0,"(0.0162, 0.0378]"
2003-06-30,0.02034419642857143,0.019127272727272725,0.006000000000000001,0.0539544,0.016204347826086953,4thQ,3,"(0.0181, 0.0583]",3rdQ,2.0,"(0.0168, 0.021]",1stQ,0.0,"(-0.0227, 0.00975]",3rdQ,2.0,"(0.0438, 0.055]",3rdQ,2.0,"(0.0143, 0.0162]"
2003-07-31,0.020042666666666667,0.018886805555555556,0.007000000000000001,0.05463571428571429,0.01580857142857143,4thQ,3,"(0.0181, 0.0583]",3rdQ,2.0,"(0.0168, 0.021]",1stQ,0.0,"(-0.0227, 0.00975]",3rdQ,2.0,"(0.0438, 0.055]",3rdQ,2.0,"(0.0143, 0.0162]"
2003-08-31,0.020692920353982302,0.018786896551724136,0.006000000000000001,0.052811023622047246,0.015683098591549295,4thQ,3,"(0.0181, 0.0583]",3rdQ,2.0,"(0.0168, 0.021]",1stQ,0.0,"(-0.0227, 0.00975]",3rdQ,2.0,"(0.0438, 0.055]",3rdQ,2.0,"(0.0143, 0.0162]"
2003-09-30,0.020265638766519822,0.01866849315068493,0.008076923076923077,0.053159375,0.01556388888888889,4thQ,3,"(0.0181, 0.0583]",3rdQ,2.0,"(0.0168, 0.021]",1stQ,0.0,"(-0.0227, 0.00975]",3rdQ,2.0,"(0.0438, 0.055]",3rdQ,2.0,"(0.0143, 0.0162]"
2003-10-31,0.019991228070175438,0.01849387755102041,0.008071428571428573,0.05173798449612403,0.0160986301369863,4thQ,3,"(0.0181, 0.0583]",3rdQ,2.0,"(0.0168, 0.021]",1stQ,0.0,"(-0.0227, 0.00975]",3rdQ,2.0,"(0.0438, 0.055]",3rdQ,2.0,"(0.0143, 0.0162]"
2003-11-30,0.019709606986899567,0.018427027027027025,0.008333333333333333,0.05132846153846154,0.01551891891891892,4thQ,3,"(0.0181, 0.0583]",3rdQ,2.0,"(0.0168, 0.021]",1stQ,0.0,"(-0.0227, 0.00975]",3rdQ,2.0,"(0.0438, 0.055]",3rdQ,2.0,"(0.0143, 0.0162]"
2003-12-31,0.019429565217391302,0.018483892617449666,0.007750000000000001,0.0518175572519084,0.01664533333333333,4thQ,3,"(0.0181, 0.0583]",3rdQ,2.0,"(0.0168, 0.021]",1stQ,0.0,"(-0.0227, 0.00975]",3rdQ,2.0,"(0.0438, 0.055]",4thQ,3.0,"(0.0162, 0.0378]"
2004-01-31,0.01922164502164502,0.018212666666666665,0.008176470588235295,0.052388636363636366,0.016774999999999998,4thQ,3,"(0.0181, 0.0583]",3rdQ,2.0,"(0.0168, 0.021]",1stQ,0.0,"(-0.0227, 0.00975]",3rdQ,2.0,"(0.0438, 0.055]",4thQ,3.0,"(0.0162, 0.0378]"
2004-02-29,0.0195,0.01837549668874172,0.008444444444444444,0.052432330827067664,0.018106493506493505,4thQ,3,"(0.0181, 0.0583]",3rdQ,2.0,"(0.0168, 0.021]",1stQ,0.0,"(-0.0227, 0.00975]",3rdQ,2.0,"(0.0438, 0.055]",4thQ,3.0,"(0.0162, 0.0378]"
2004-03-31,0.01954077253218884,0.018205263157894735,0.0056315789473684215,0.05237089552238806,0.01781025641025641,4thQ,3,"(0.0181, 0.0583]",3rdQ,2.0,"(0.0168, 0.021]",1stQ,0.0,"(-0.0227, 0.00975]",3rdQ,2.0,"(0.0438, 0.055]",4thQ,3.0,"(0.0162, 0.0378]"
2004-04-30,0.018673076923076924,0.017800653594771242,0.0069500000000000004,0.05153481481481482,0.016537974683544305,4thQ,3,"(0.0181, 0.0583]",3rdQ,2.0,"(0.0168, 0.021]",1stQ,0.0,"(-0.0227, 0.00975]",3rdQ,2.0,"(0.0438, 0.055]",4thQ,3.0,"(0.0162, 0.0378]"
2004-05-31,0.018302553191489362,0.01768766233766234,0.0051904761904761915,0.05152794117647058,0.01631125,4thQ,3,"(0.0181, 0.0583]",3rdQ,2.0,"(0.0168, 0.021]",1stQ,0.0,"(-0.0227, 0.00975]",3rdQ,2.0,"(0.0438, 0.055]",4thQ,3.0,"(0.0162, 0.0378]"
2004-06-30,0.01780720338983051,0.017338064516129032,0.005181818181818182,0.05046131386861314,0.015724691358024692,3rdQ,2,"(0.0164, 0.0181]",3rdQ,2.0,"(0.0168, 0.021]",1stQ,0.0,"(-0.0227, 0.00975]",3rdQ,2.0,"(0.0438, 0.055]",3rdQ,2.0,"(0.0143, 0.0162]"
2004-07-31,0.01751434599156118,0.01705448717948718,0.005608695652173913,0.05008188405797101,0.015640243902439024,3rdQ,2,"(0.0164, 0.0181]",3rdQ,2.0,"(0.0168, 0.021]",1stQ,0.0,"(-0.0227, 0.00975]",3rdQ,2.0,"(0.0438, 0.055]",3rdQ,2.0,"(0.0143, 0.0162]"
2004-08-31,0.01783109243697479,0.017226114649681528,0.005333333333333333,0.05270071942446043,0.015769879518072287,3rdQ,2,"(0.0164, 0.0181]",3rdQ,2.0,"(0.0168, 0.021]",1stQ,0.0,"(-0.0227, 0.00975]",3rdQ,2.0,"(0.0438, 0.055]",3rdQ,2.0,"(0.0143, 0.0162]"
2004-09-30,0.017822594142259413,0.01717151898734177,0.0065200000000000015,0.05235857142857143,0.016151190476190475,3rdQ,2,"(0.0164, 0.0181]",3rdQ,2.0,"(0.0168, 0.021]",1stQ,0.0,"(-0.0227, 0.00975]",3rdQ,2.0,"(0.0438, 0.055]",3rdQ,2.0,"(0.0143, 0.0162]"
2004-10-31,0.018078749999999998,0.017438993710691825,0.003038461538461539,0.05119290780141844,0.01635764705882353,3rdQ,2,"(0.0164, 0.0181]",3rdQ,2.0,"(0.0168, 0.021]",1stQ,0.0,"(-0.0227, 0.00975]",3rdQ,2.0,"(0.0438, 0.055]",4thQ,3.0,"(0.0162, 0.0378]"
2004-11-30,0.01822448132780083,0.017604375,0.0020370370370370377,0.05087676056338028,0.016909302325581396,4thQ,3,"(0.0181, 0.0583]",3rdQ,2.0,"(0.0168, 0.021]",1stQ,0.0,"(-0.0227, 0.00975]",3rdQ,2.0,"(0.0438, 0.055]",4thQ,3.0,"(0.0162, 0.0378]"
2004-12-31,0.018120661157024796,0.017425465838509315,-0.00021428571428571373,0.05053566433566434,0.016648275862068965,4thQ,3,"(0.0181, 0.0583]",3rdQ,2.0,"(0.0168, 0.021]",1stQ,0.0,"(-0.0227, 0.00975]",3rdQ,2.0,"(0.0438, 0.055]",4thQ,3.0,"(0.0162, 0.0378]"
2005-01-31,0.01787777777777778,0.017109259259259258,0.0009310344827586212,0.04934375,0.015872727272727274,3rdQ,2,"(0.0164, 0.0181]",3rdQ,2.0,"(0.0168, 0.021]",1stQ,0.0,"(-0.0227, 0.00975]",3rdQ,2.0,"(0.0438, 0.055]",3rdQ,2.0,"(0.0143, 0.0162]"
2005-02-28,0.017529098360655738,0.01701840490797546,0.002300000000000001,0.0484551724137931,0.01633707865168539,3rdQ,2,"(0.0164, 0.0181]",3rdQ,2.0,"(0.0168, 0.021]",1stQ,0.0,"(-0.0227, 0.00975]",3rdQ,2.0,"(0.0438, 0.055]",4thQ,3.0,"(0.0162, 0.0378]"
2005-03-31,0.01729265306122449,0.016995731707317073,0.002483870967741936,0.048201369863013696,0.016677777777777777,3rdQ,2,"(0.0164, 0.0181]",3rdQ,2.0,"(0.0168, 0.021]",1stQ,0.0,"(-0.0227, 0.00975]",3rdQ,2.0,"(0.0438, 0.055]",4thQ,3.0,"(0.0162, 0.0378]"
2005-04-30,0.01661219512195122,0.016784242424242424,0.0034687500000000005,0.04919047619047619,0.01605164835164835,3rdQ,2,"(0.0164, 0.0181]",2ndQ,1.0,"(0.0136, 0.0168]",1stQ,0.0,"(-0.0227, 0.00975]",3rdQ,2.0,"(0.0438, 0.055]",3rdQ,2.0,"(0.0143, 0.0162]"
2005-05-31,0.01707246963562753,0.017054216867469878,0.002545454545454546,0.048060135135135136,0.016582608695652173,3rdQ,2,"(0.0164, 0.0181]",3rdQ,2.0,"(0.0168, 0.021]",1stQ,0.0,"(-0.0227, 0.00975]",3rdQ,2.0,"(0.0438, 0.055]",4thQ,3.0,"(0.0162, 0.0378]"
2005-06-30,0.017496774193548385,0.01714670658682635,0.001676470588235295,0.047839597315436244,0.016710752688172043,3rdQ,2,"(0.0164, 0.0181]",3rdQ,2.0,"(0.0168, 0.021]",1stQ,0.0,"(-0.0227, 0.00975]",3rdQ,2.0,"(0.0438, 0.055]",4thQ,3.0,"(0.0162, 0.0378]"
2005-07-31,0.017350602409638555,0.017032738095238094,0.005085714285714286,0.04664666666666666,0.016304255319148937,3rdQ,2,"(0.0164, 0.0181]",3rdQ,2.0,"(0.0168, 0.021]",1stQ,0.0,"(-0.0227, 0.00975]",3rdQ,2.0,"(0.0438, 0.055]",4thQ,3.0,"(0.0162, 0.0378]"
2005-08-31,0.0170628,0.01715207100591716,0.007388888888888889,0.04524834437086092,0.016938947368421053,3rdQ,2,"(0.0164, 0.0181]",3rdQ,2.0,"(0.0168, 0.021]",1stQ,0.0,"(-0.0227, 0.00975]",3rdQ,2.0,"(0.0438, 0.055]",4thQ,3.0,"(0.0162, 0.0378]"
2005-09-30,0.016854980079681274,0.016941764705882354,0.008891891891891893,0.044825,0.016085416666666668,3rdQ,2,"(0.0164, 0.0181]",3rdQ,2.0,"(0.0168, 0.021]",1stQ,0.0,"(-0.0227, 0.00975]",3rdQ,2.0,"(0.0438, 0.055]",3rdQ,2.0,"(0.0143, 0.0162]"
2005-10-31,0.01675079365079365,0.01686081871345029,0.009210526315789475,0.04307908496732026,0.015608247422680412,3rdQ,2,"(0.0164, 0.0181]",3rdQ,2.0,"(0.0168, 0.021]",1stQ,0.0,"(-0.0227, 0.00975]",2ndQ,1.0,"(0.0408, 0.0438]",3rdQ,2.0,"(0.0143, 0.0162]"
2005-11-30,0.016921739130434783,0.016800000000000002,0.009743589743589744,0.04429935064935065,0.016168367346938776,3rdQ,2,"(0.0164, 0.0181]",2ndQ,1.0,"(0.0136, 0.0168]",1stQ,0.0,"(-0.0227, 0.00975]",3rdQ,2.0,"(0.0438, 0.055]",3rdQ,2.0,"(0.0143, 0.0162]"
2005-12-31,0.01670236220472441,0.016722543352601156,0.0102,0.04475935483870968,0.01554141414141414,3rdQ,2,"(0.0164, 0.0181]",2ndQ,1.0,"(0.0136, 0.0168]",2ndQ,1.0,"(0.00975, 0.011]",3rdQ,2.0,"(0.0438, 0.055]",3rdQ,2.0,"(0.0143, 0.0162]"
2006-01-31,0.01649450980392157,0.016664942528735634,0.010829268292682928,0.04379807692307692,0.015779,3rdQ,2,"(0.0164, 0.0181]",2ndQ,1.0,"(0.0136, 0.0168]",2ndQ,1.0,"(0.00975, 0.011]",2ndQ,1.0,"(0.0408, 0.0438]",3rdQ,2.0,"(0.0143, 0.0162]"
2006-02-28,0.0163765625,0.016448,0.010857142857142857,0.044375796178343946,0.015351485148514851,2ndQ,1,"(0.0155, 0.0164]",2ndQ,1.0,"(0.0136, 0.0168]",2ndQ,1.0,"(0.00975, 0.011]",3rdQ,2.0,"(0.0438, 0.055]",3rdQ,2.0,"(0.0143, 0.0162]"
2006-03-31,0.016796108949416345,0.01610681818181818,0.009395348837209303,0.04387025316455696,0.015581372549019607,3rdQ,2,"(0.0164, 0.0181]",2ndQ,1.0,"(0.0136, 0.0168]",1stQ,0.0,"(-0.0227, 0.00975]",3rdQ,2.0,"(0.0438, 0.055]",3rdQ,2.0,"(0.0143, 0.0162]"
2006-04-30,0.017094573643410854,0.016293785310734464,0.009590909090909091,0.042305660377358494,0.015981553398058252,3rdQ,2,"(0.0164, 0.0181]",2ndQ,1.0,"(0.0136, 0.0168]",1stQ,0.0,"(-0.0227, 0.00975]",2ndQ,1.0,"(0.0408, 0.0438]",3rdQ,2.0,"(0.0143, 0.0162]"
2006-05-31,0.01672818532818533,0.016277528089887642,0.009644444444444445,0.041751875,0.015519230769230768,3rdQ,2,"(0.0164, 0.0181]",2ndQ,1.0,"(0.0136, 0.0168]",1stQ,0.0,"(-0.0227, 0.00975]",2ndQ,1.0,"(0.0408, 0.0438]",3rdQ,2.0,"(0.0143, 0.0162]"
2006-06-30,0.016601153846153845,0.01628882681564246,0.009304347826086957,0.04187888198757764,0.015243809523809524,3rdQ,2,"(0.0164, 0.0181]",2ndQ,1.0,"(0.0136, 0.0168]",1stQ,0.0,"(-0.0227, 0.00975]",2ndQ,1.0,"(0.0408, 0.0438]",3rdQ,2.0,"(0.0143, 0.0162]"
2006-07-31,0.01631954022988506,0.016001666666666668,0.009446808510638298,0.04140246913580247,0.015041509433962265,2ndQ,1,"(0.0155, 0.0164]",2ndQ,1.0,"(0.0136, 0.0168]",1stQ,0.0,"(-0.0227, 0.00975]",2ndQ,1.0,"(0.0408, 0.0438]",3rdQ,2.0,"(0.0143, 0.0162]"
2006-08-31,0.01592290076335878,0.016016022099447514,0.010104166666666666,0.04188282208588957,0.015328971962616822,2ndQ,1,"(0.0155, 0.0164]",2ndQ,1.0,"(0.0136, 0.0168]",2ndQ,1.0,"(0.00975, 0.011]",2ndQ,1.0,"(0.0408, 0.0438]",3rdQ,2.0,"(0.0143, 0.0162]"
2006-09-30,0.015663878326996197,0.01582967032967033,0.009061224489795919,0.04077926829268293,0.015054629629629628,2ndQ,1,"(0.0155, 0.0164]",2ndQ,1.0,"(0.0136, 0.0168]",1stQ,0.0,"(-0.0227, 0.00975]",2ndQ,1.0,"(0.0408, 0.0438]",3rdQ,2.0,"(0.0143, 0.0162]"
2006-10-31,0.01582916666666667,0.015779781420765027,0.00888,0.04025151515151515,0.015047706422018348,2ndQ,1,"(0.0155, 0.0164]",2ndQ,1.0,"(0.0136, 0.0168]",1stQ,0.0,"(-0.0227, 0.00975]",1stQ,0.0,"(0.0372, 0.0408]",3rdQ,2.0,"(0.0143, 0.0162]"
2006-11-30,0.015932830188679244,0.016017391304347827,0.008431372549019607,0.04024578313253012,0.015192727272727273,2ndQ,1,"(0.0155, 0.0164]",2ndQ,1.0,"(0.0136, 0.0168]",1stQ,0.0,"(-0.0227, 0.00975]",1stQ,0.0,"(0.0372, 0.0408]",3rdQ,2.0,"(0.0143, 0.0162]"
2006-12-31,0.01616842105263158,0.015804864864864866,0.008846153846153847,0.04080838323353294,0.015238738738738739,2ndQ,1,"(0.0155, 0.0164]",2ndQ,1.0,"(0.0136, 0.0168]",1stQ,0.0,"(-0.0227, 0.00975]",2ndQ,1.0,"(0.0408, 0.0438]",3rdQ,2.0,"(0.0143, 0.0162]"
2007-01-31,0.016340449438202245,0.015739784946236558,0.009339622641509435,0.04027797619047619,0.0154625,2ndQ,1,"(0.0155, 0.0164]",2ndQ,1.0,"(0.0136, 0.0168]",1stQ,0.0,"(-0.0227, 0.00975]",1stQ,0.0,"(0.0372, 0.0408]",3rdQ,2.0,"(0.0143, 0.0162]"
2007-02-28,0.015969776119402986,0.01569144385026738,0.009648148148148149,0.04064378698224852,0.014760176991150441,2ndQ,1,"(0.0155, 0.0164]",2ndQ,1.0,"(0.0136, 0.0168]",1stQ,0.0,"(-0.0227, 0.00975]",1stQ,0.0,"(0.0372, 0.0408]",3rdQ,2.0,"(0.0143, 0.0162]"
2007-03-31,0.01578550185873606,0.015391489361702128,0.010018181818181818,0.0407735294117647,0.01426842105263158,2ndQ,1,"(0.0155, 0.0164]",2ndQ,1.0,"(0.0136, 0.0168]",2ndQ,1.0,"(0.00975, 0.011]",1stQ,0.0,"(0.0372, 0.0408]",3rdQ,2.0,"(0.0143, 0.0162]"
2007-04-30,0.01603148148148148,0.015478835978835979,0.00975,0.040081286549707607,0.014677391304347826,2ndQ,1,"(0.0155, 0.0164]",2ndQ,1.0,"(0.0136, 0.0168]",1stQ,0.0,"(-0.0227, 0.00975]",1stQ,0.0,"(0.0372, 0.0408]",3rdQ,2.0,"(0.0143, 0.0162]"
2007-05-31,0.016406642066420663,0.015486842105263156,0.009771929824561404,0.03958720930232558,0.014985344827586207,2ndQ,1,"(0.0155, 0.0164]",2ndQ,1.0,"(0.0136, 0.0168]",2ndQ,1.0,"(0.00975, 0.011]",1stQ,0.0,"(0.0372, 0.0408]",3rdQ,2.0,"(0.0143, 0.0162]"
2007-06-30,0.016618014705882353,0.015678534031413612,0.009758620689655174,0.03885202312138728,0.015013675213675214,3rdQ,2,"(0.0164, 0.0181]",2ndQ,1.0,"(0.0136, 0.0168]",2ndQ,1.0,"(0.00975, 0.011]",1stQ,0.0,"(0.0372, 0.0408]",3rdQ,2.0,"(0.0143, 0.0162]"
2007-07-31,0.015906959706959708,0.0156609375,0.010372881355932203,0.03986954022988506,0.014769491525423728,2ndQ,1,"(0.0155, 0.0164]",2ndQ,1.0,"(0.0136, 0.0168]",2ndQ,1.0,"(0.00975, 0.011]",1stQ,0.0,"(0.0372, 0.0408]",3rdQ,2.0,"(0.0143, 0.0162]"
2007-08-31,0.015022992700729926,0.01548860103626943,0.010750000000000001,0.039900571428571424,0.014564705882352941,1stQ,0,"(-0.111, 0.0155]",2ndQ,1.0,"(0.0136, 0.0168]",2ndQ,1.0,"(0.00975, 0.011]",1stQ,0.0,"(0.0372, 0.0408]",3rdQ,2.0,"(0.0143, 0.0162]"
2007-09-30,0.015582909090909092,0.016017525773195877,0.011213114754098362,0.04103409090909091,0.0150125,2ndQ,1,"(0.0155, 0.0164]",2ndQ,1.0,"(0.0136, 0.0168]",3rdQ,2.0,"(0.011, 0.0128]",2ndQ,1.0,"(0.0408, 0.0438]",3rdQ,2.0,"(0.0143, 0.0162]"
2007-10-31,0.015635144927536232,0.016211794871794874,0.011516129032258064,0.04127909604519774,0.015085123966942149,2ndQ,1,"(0.0155, 0.0164]",2ndQ,1.0,"(0.0136, 0.0168]",3rdQ,2.0,"(0.011, 0.0128]",2ndQ,1.0,"(0.0408, 0.0438]",3rdQ,2.0,"(0.0143, 0.0162]"
2007-11-30,0.01585956678700361,0.016285204081632653,0.01180952380952381,0.04057191011235955,0.015162295081967212,2ndQ,1,"(0.0155, 0.0164]",2ndQ,1.0,"(0.0136, 0.0168]",3rdQ,2.0,"(0.011, 0.0128]",1stQ,0.0,"(0.0372, 0.0408]",3rdQ,2.0,"(0.0143, 0.0162]"
2007-12-31,0.016038129496402875,0.016393401015228425,0.01203125,0.040100558659217876,0.015048780487804878,2ndQ,1,"(0.0155, 0.0164]",2ndQ,1.0,"(0.0136, 0.0168]",3rdQ,2.0,"(0.011, 0.0128]",1stQ,0.0,"(0.0372, 0.0408]",3rdQ,2.0,"(0.0143, 0.0162]"
2008-01-31,0.016695340501792114,0.016404040404040404,0.012384615384615385,0.038657222222222225,0.015243548387096776,3rdQ,2,"(0.0164, 0.0181]",2ndQ,1.0,"(0.0136, 0.0168]",3rdQ,2.0,"(0.011, 0.0128]",1stQ,0.0,"(0.0372, 0.0408]",3rdQ,2.0,"(0.0143, 0.0162]"
2008-02-29,0.017691071428571428,0.01682462311557789,0.012575757575757575,0.0386,0.015778399999999998,3rdQ,2,"(0.0164, 0.0181]",3rdQ,2.0,"(0.0168, 0.021]",3rdQ,2.0,"(0.011, 0.0128]",1stQ,0.0,"(0.0372, 0.0408]",3rdQ,2.0,"(0.0143, 0.0162]"
2008-03-31,0.01726761565836299,0.016751000000000002,0.012582089552238806,0.03917142857142857,0.01558015873015873,3rdQ,2,"(0.0164, 0.0181]",2ndQ,1.0,"(0.0136, 0.0168]",3rdQ,2.0,"(0.011, 0.0128]",1stQ,0.0,"(0.0372, 0.0408]",3rdQ,2.0,"(0.0143, 0.0162]"
2008-04-30,0.016974113475177303,0.01667462686567164,0.012,0.0386879781420765,0.015381102362204725,3rdQ,2,"(0.0164, 0.0181]",2ndQ,1.0,"(0.0136, 0.0168]",3rdQ,2.0,"(0.011, 0.0128]",1stQ,0.0,"(0.0372, 0.0408]",3rdQ,2.0,"(0.0143, 0.0162]"
2008-05-31,0.016973144876325088,0.016676237623762375,0.012057971014492753,0.0390375,0.01541328125,3rdQ,2,"(0.0164, 0.0181]",2ndQ,1.0,"(0.0136, 0.0168]",3rdQ,2.0,"(0.011, 0.0128]",1stQ,0.0,"(0.0372, 0.0408]",3rdQ,2.0,"(0.0143, 0.0162]"
2008-06-30,0.0170387323943662,0.01674679802955665,0.012485714285714286,0.03939783783783784,0.0156984496124031,3rdQ,2,"(0.0164, 0.0181]",2ndQ,1.0,"(0.0136, 0.0168]",3rdQ,2.0,"(0.011, 0.0128]",1stQ,0.0,"(0.0372, 0.0408]",3rdQ,2.0,"(0.0143, 0.0162]"
2008-07-31,0.016621754385964912,0.01639656862745098,0.01236619718309859,0.04029301075268817,0.015219230769230768,3rdQ,2,"(0.0164, 0.0181]",2ndQ,1.0,"(0.0136, 0.0168]",3rdQ,2.0,"(0.011, 0.0128]",1stQ,0.0,"(0.0372, 0.0408]",3rdQ,2.0,"(0.0143, 0.0162]"
2008-08-31,0.016239860139860143,0.01618439024390244,0.012180555555555556,0.04022994652406417,0.014867175572519084,2ndQ,1,"(0.0155, 0.0164]",2ndQ,1.0,"(0.0136, 0.0168]",3rdQ,2.0,"(0.011, 0.0128]",1stQ,0.0,"(0.0372, 0.0408]",3rdQ,2.0,"(0.0143, 0.0162]"
2008-09-30,0.016218815331010453,0.016236407766990292,0.012027397260273973,0.0414436170212766,0.014725757575757576,2ndQ,1,"(0.0155, 0.0164]",2ndQ,1.0,"(0.0136, 0.0168]",3rdQ,2.0,"(0.011, 0.0128]",2ndQ,1.0,"(0.0408, 0.0438]",3rdQ,2.0,"(0.0143, 0.0162]"
2008-10-31,0.01689479166666667,0.016166183574879228,0.011756756756756756,0.04070952380952381,0.014889473684210525,3rdQ,2,"(0.0164, 0.0181]",2ndQ,1.0,"(0.0136, 0.0168]",3rdQ,2.0,"(0.011, 0.0128]",1stQ,0.0,"(0.0372, 0.0408]",3rdQ,2.0,"(0.0143, 0.0162]"
2008-11-30,0.017105190311418685,0.016146153846153845,0.01176,0.04069368421052631,0.01511268656716418,3rdQ,2,"(0.0164, 0.0181]",2ndQ,1.0,"(0.0136, 0.0168]",3rdQ,2.0,"(0.011, 0.0128]",1stQ,0.0,"(0.0372, 0.0408]",3rdQ,2.0,"(0.0143, 0.0162]"
2008-12-31,0.017135517241379312,0.01608133971291866,0.011947368421052632,0.04173298429319372,0.015143703703703704,3rdQ,2,"(0.0164, 0.0181]",2ndQ,1.0,"(0.0136, 0.0168]",3rdQ,2.0,"(0.011, 0.0128]",2ndQ,1.0,"(0.0408, 0.0438]",3rdQ,2.0,"(0.0143, 0.0162]"
2009-01-31,0.01710721649484536,0.01593904761904762,0.012636363636363637,0.04201770833333333,0.015099999999999999,3rdQ,2,"(0.0164, 0.0181]",2ndQ,1.0,"(0.0136, 0.0168]",3rdQ,2.0,"(0.011, 0.0128]",2ndQ,1.0,"(0.0408, 0.0438]",3rdQ,2.0,"(0.0143, 0.0162]"
2009-02-28,0.01715376712328767,0.01585260663507109,0.012769230769230769,0.04241813471502591,0.014966423357664231,3rdQ,2,"(0.0164, 0.0181]",2ndQ,1.0,"(0.0136, 0.0168]",4thQ,3.0,"(0.0128, 0.0163]",2ndQ,1.0,"(0.0408, 0.0438]",3rdQ,2.0,"(0.0143, 0.0162]"
2009-03-31,0.016991126279863482,0.015818396226415093,0.012936708860759493,0.041378865979381445,0.014728985507246377,3rdQ,2,"(0.0164, 0.0181]",2ndQ,1.0,"(0.0136, 0.0168]",4thQ,3.0,"(0.0128, 0.0163]",2ndQ,1.0,"(0.0408, 0.0438]",3rdQ,2.0,"(0.0143, 0.0162]"
2009-04-30,0.01677517006802721,0.015660093896713613,0.014050000000000002,0.041626666666666666,0.014401438848920861,3rdQ,2,"(0.0164, 0.0181]",2ndQ,1.0,"(0.0136, 0.0168]",4thQ,3.0,"(0.0128, 0.0163]",2ndQ,1.0,"(0.0408, 0.0438]",3rdQ,2.0,"(0.0143, 0.0162]"
2009-05-31,0.016681694915254237,0.01574626168224299,0.014950617283950618,0.04241581632653061,0.014150000000000001,3rdQ,2,"(0.0164, 0.0181]",2ndQ,1.0,"(0.0136, 0.0168]",4thQ,3.0,"(0.0128, 0.0163]",2ndQ,1.0,"(0.0408, 0.0438]",2ndQ,1.0,"(0.0116, 0.0143]"
2009-06-30,0.016457094594594594,0.015437674418604651,0.01497560975609756,0.041603045685279186,0.013956737588652483,3rdQ,2,"(0.0164, 0.0181]",2ndQ,1.0,"(0.0136, 0.0168]",4thQ,3.0,"(0.0128, 0.0163]",2ndQ,1.0,"(0.0408, 0.0438]",2ndQ,1.0,"(0.0116, 0.0143]"
2009-07-31,0.016463636363636364,0.015424537037037037,0.01516867469879518,0.04200050505050505,0.013749295774647887,3rdQ,2,"(0.0164, 0.0181]",2ndQ,1.0,"(0.0136, 0.0168]",4thQ,3.0,"(0.0128, 0.0163]",2ndQ,1.0,"(0.0408, 0.0438]",2ndQ,1.0,"(0.0116, 0.0143]"
2009-08-31,0.016514429530201345,0.015375576036866359,0.015095238095238096,0.04224924623115578,0.013674825174825175,3rdQ,2,"(0.0164, 0.0181]",2ndQ,1.0,"(0.0136, 0.0168]",4thQ,3.0,"(0.0128, 0.0163]",2ndQ,1.0,"(0.0408, 0.0438]",2ndQ,1.0,"(0.0116, 0.0143]"
2009-09-30,0.01661103678929766,0.015412844036697248,0.015294117647058824,0.042199,0.013769444444444444,3rdQ,2,"(0.0164, 0.0181]",2ndQ,1.0,"(0.0136, 0.0168]",4thQ,3.0,"(0.0128, 0.0163]",2ndQ,1.0,"(0.0408, 0.0438]",2ndQ,1.0,"(0.0116, 0.0143]"
2009-10-31,0.016417666666666667,0.015121004566210046,0.01533720930232558,0.042661194029850746,0.013568275862068966,2ndQ,1,"(0.0155, 0.0164]",2ndQ,1.0,"(0.0136, 0.0168]",4thQ,3.0,"(0.0128, 0.0163]",2ndQ,1.0,"(0.0408, 0.0438]",2ndQ,1.0,"(0.0116, 0.0143]"
2009-11-30,0.01672857142857143,0.015358636363636364,0.01610344827586207,0.042438118811881184,0.013818493150684933,3rdQ,2,"(0.0164, 0.0181]",2ndQ,1.0,"(0.0136, 0.0168]",4thQ,3.0,"(0.0128, 0.0163]",2ndQ,1.0,"(0.0408, 0.0438]",2ndQ,1.0,"(0.0116, 0.0143]"
2009-12-31,0.01647980132450331,0.015033936651583712,0.016045454545454543,0.04280591133004926,0.013552380952380953,3rdQ,2,"(0.0164, 0.0181]",2ndQ,1.0,"(0.0136, 0.0168]",4thQ,3.0,"(0.0128, 0.0163]",2ndQ,1.0,"(0.0408, 0.0438]",2ndQ,1.0,"(0.0116, 0.0143]"
2010-01-31,0.016207260726072606,0.014654504504504505,0.016134831460674157,0.04270098039215686,0.013291216216216217,2ndQ,1,"(0.0155, 0.0164]",2ndQ,1.0,"(0.0136, 0.0168]",4thQ,3.0,"(0.0128, 0.0163]",2ndQ,1.0,"(0.0408, 0.0438]",2ndQ,1.0,"(0.0116, 0.0143]"
2010-02-28,0.01628453947368421,0.014538565022421526,0.016177777777777777,0.04326878048780488,0.013355704697986578,2ndQ,1,"(0.0155, 0.0164]",2ndQ,1.0,"(0.0136, 0.0168]",4thQ,3.0,"(0.0128, 0.0163]",2ndQ,1.0,"(0.0408, 0.0438]",2ndQ,1.0,"(0.0116, 0.0143]"
2010-03-31,0.01655344262295082,0.014496875000000001,0.015835164835164835,0.04311407766990292,0.013576,3rdQ,2,"(0.0164, 0.0181]",2ndQ,1.0,"(0.0136, 0.0168]",4thQ,3.0,"(0.0128, 0.0163]",2ndQ,1.0,"(0.0408, 0.0438]",2ndQ,1.0,"(0.0116, 0.0143]"
2010-04-30,0.016637254901960784,0.014545777777777779,0.016,0.04222801932367149,0.013590728476821192,3rdQ,2,"(0.0164, 0.0181]",2ndQ,1.0,"(0.0136, 0.0168]",4thQ,3.0,"(0.0128, 0.0163]",2ndQ,1.0,"(0.0408, 0.0438]",2ndQ,1.0,"(0.0116, 0.0143]"
2010-05-31,0.01634657980456026,0.014602212389380531,0.015483870967741935,0.04158846153846153,0.013445394736842104,2ndQ,1,"(0.0155, 0.0164]",2ndQ,1.0,"(0.0136, 0.0168]",4thQ,3.0,"(0.0128, 0.0163]",2ndQ,1.0,"(0.0408, 0.0438]",2ndQ,1.0,"(0.0116, 0.0143]"
2010-06-30,0.016456493506493506,0.014781497797356827,0.015436170212765958,0.04134354066985646,0.013452941176470588,3rdQ,2,"(0.0164, 0.0181]",2ndQ,1.0,"(0.0136, 0.0168]",4thQ,3.0,"(0.0128, 0.0163]",2ndQ,1.0,"(0.0408, 0.0438]",2ndQ,1.0,"(0.0116, 0.0143]"
2010-07-31,0.01626116504854369,0.014634649122807018,0.015357894736842107,0.041210476190476186,0.01318181818181818,2ndQ,1,"(0.0155, 0.0164]",2ndQ,1.0,"(0.0136, 0.0168]",4thQ,3.0,"(0.0128, 0.0163]",2ndQ,1.0,"(0.0408, 0.0438]",2ndQ,1.0,"(0.0116, 0.0143]"
2010-08-31,0.016755806451612905,0.014729257641921399,0.015447916666666667,0.040867772511848345,0.013414193548387097,3rdQ,2,"(0.0164, 0.0181]",2ndQ,1.0,"(0.0136, 0.0168]",4thQ,3.0,"(0.0128, 0.0163]",2ndQ,1.0,"(0.0408, 0.0438]",2ndQ,1.0,"(0.0116, 0.0143]"
2010-09-30,0.0166556270096463,0.014886521739130435,0.015587628865979381,0.04071556603773585,0.013382051282051282,3rdQ,2,"(0.0164, 0.0181]",2ndQ,1.0,"(0.0136, 0.0168]",4thQ,3.0,"(0.0128, 0.0163]",1stQ,0.0,"(0.0372, 0.0408]",2ndQ,1.0,"(0.0116, 0.0143]"
2010-10-31,0.01686570512820513,0.01497878787878788,0.015989795918367345,0.04071173708920188,0.013463694267515923,3rdQ,2,"(0.0164, 0.0181]",2ndQ,1.0,"(0.0136, 0.0168]",4thQ,3.0,"(0.0128, 0.0163]",1stQ,0.0,"(0.0372, 0.0408]",2ndQ,1.0,"(0.0116, 0.0143]"
2010-11-30,0.016532907348242813,0.014812931034482758,0.01594949494949495,0.041159345794392524,0.013237341772151898,3rdQ,2,"(0.0164, 0.0181]",2ndQ,1.0,"(0.0136, 0.0168]",4thQ,3.0,"(0.0128, 0.0163]",2ndQ,1.0,"(0.0408, 0.0438]",2ndQ,1.0,"(0.0116, 0.0143]"
2010-12-31,0.016828980891719744,0.015112017167381975,0.01599,0.04116651162790697,0.01339874213836478,3rdQ,2,"(0.0164, 0.0181]",2ndQ,1.0,"(0.0136, 0.0168]",4thQ,3.0,"(0.0128, 0.0163]",2ndQ,1.0,"(0.0408, 0.0438]",2ndQ,1.0,"(0.0116, 0.0143]"
2011-01-31,0.016892698412698415,0.014908974358974359,0.015693069306930693,0.04033657407407407,0.013321875,3rdQ,2,"(0.0164, 0.0181]",2ndQ,1.0,"(0.0136, 0.0168]",4thQ,3.0,"(0.0128, 0.0163]",1stQ,0.0,"(0.0372, 0.0408]",2ndQ,1.0,"(0.0116, 0.0143]"
2011-02-28,0.017034493670886077,0.014976170212765958,0.015627450980392157,0.04080599078341014,0.01333975155279503,3rdQ,2,"(0.0164, 0.0181]",2ndQ,1.0,"(0.0136, 0.0168]",4thQ,3.0,"(0.0128, 0.0163]",2ndQ,1.0,"(0.0408, 0.0438]",2ndQ,1.0,"(0.0116, 0.0143]"
2011-03-31,0.016600315457413247,0.01485,0.015368932038834951,0.03994862385321101,0.013269753086419754,3rdQ,2,"(0.0164, 0.0181]",2ndQ,1.0,"(0.0136, 0.0168]",4thQ,3.0,"(0.0128, 0.0163]",1stQ,0.0,"(0.0372, 0.0408]",2ndQ,1.0,"(0.0116, 0.0143]"
2011-04-30,0.016918553459119495,0.015168776371308017,0.015230769230769232,0.0391041095890411,0.013376073619631902,3rdQ,2,"(0.0164, 0.0181]",2ndQ,1.0,"(0.0136, 0.0168]",4thQ,3.0,"(0.0128, 0.0163]",1stQ,0.0,"(0.0372, 0.0408]",2ndQ,1.0,"(0.0116, 0.0143]"
2011-05-31,0.016550470219435738,0.014926050420168067,0.015257142857142858,0.03919681818181819,0.013159146341463415,3rdQ,2,"(0.0164, 0.0181]",2ndQ,1.0,"(0.0136, 0.0168]",4thQ,3.0,"(0.0128, 0.0163]",1stQ,0.0,"(0.0372, 0.0408]",2ndQ,1.0,"(0.0116, 0.0143]"
2011-06-30,0.0161053125,0.014654393305439332,0.014849056603773586,0.03980769230769231,0.012924848484848485,2ndQ,1,"(0.0155, 0.0164]",2ndQ,1.0,"(0.0136, 0.0168]",4thQ,3.0,"(0.0128, 0.0163]",1stQ,0.0,"(0.0372, 0.0408]",2ndQ,1.0,"(0.0116, 0.0143]"
2011-07-31,0.016676012461059188,0.01462875,0.015177570093457944,0.0395009009009009,0.013126506024096384,3rdQ,2,"(0.0164, 0.0181]",2ndQ,1.0,"(0.0136, 0.0168]",4thQ,3.0,"(0.0128, 0.0163]",1stQ,0.0,"(0.0372, 0.0408]",2ndQ,1.0,"(0.0116, 0.0143]"
2011-08-31,0.0169472049689441,0.014554771784232364,0.015175925925925926,0.039103139013452914,0.013140718562874252,3rdQ,2,"(0.0164, 0.0181]",2ndQ,1.0,"(0.0136, 0.0168]",4thQ,3.0,"(0.0128, 0.0163]",1stQ,0.0,"(0.0372, 0.0408]",2ndQ,1.0,"(0.0116, 0.0143]"
2011-09-30,0.01681300309597523,0.014161157024793388,0.014944954128440368,0.039406696428571426,0.013074404761904761,3rdQ,2,"(0.0164, 0.0181]",2ndQ,1.0,"(0.0136, 0.0168]",4thQ,3.0,"(0.0128, 0.0163]",1stQ,0.0,"(0.0372, 0.0408]",2ndQ,1.0,"(0.0116, 0.0143]"
2011-10-31,0.016483333333333332,0.01394156378600823,0.014490909090909092,0.03881511111111111,0.012857988165680474,3rdQ,2,"(0.0164, 0.0181]",2ndQ,1.0,"(0.0136, 0.0168]",4thQ,3.0,"(0.0128, 0.0163]",1stQ,0.0,"(0.0372, 0.0408]",2ndQ,1.0,"(0.0116, 0.0143]"
2011-11-30,0.01659446153846154,0.013780737704918031,0.01455855855855856,0.039584070796460175,0.012837647058823528,3rdQ,2,"(0.0164, 0.0181]",2ndQ,1.0,"(0.0136, 0.0168]",4thQ,3.0,"(0.0128, 0.0163]",1stQ,0.0,"(0.0372, 0.0408]",2ndQ,1.0,"(0.0116, 0.0143]"
2011-12-31,0.016581901840490798,0.013725714285714286,0.014205357142857143,0.03968017621145375,0.012852631578947369,3rdQ,2,"(0.0164, 0.0181]",2ndQ,1.0,"(0.0136, 0.0168]",4thQ,3.0,"(0.0128, 0.0163]",1stQ,0.0,"(0.0372, 0.0408]",2ndQ,1.0,"(0.0116, 0.0143]"
2012-01-31,0.016436391437308868,0.01372520325203252,0.013929203539823009,0.04026052631578947,0.012816279069767443,2ndQ,1,"(0.0155, 0.0164]",2ndQ,1.0,"(0.0136, 0.0168]",4thQ,3.0,"(0.0128, 0.0163]",1stQ,0.0,"(0.0372, 0.0408]",2ndQ,1.0,"(0.0116, 0.0143]"
2012-02-29,0.016235060975609755,0.013737651821862349,0.013850877192982456,0.03964934497816594,0.012695953757225435,2ndQ,1,"(0.0155, 0.0164]",2ndQ,1.0,"(0.0136, 0.0168]",4thQ,3.0,"(0.0128, 0.0163]",1stQ,0.0,"(0.0372, 0.0408]",2ndQ,1.0,"(0.0116, 0.0143]"
2012-03-31,0.01609574468085106,0.013582661290322581,0.013608695652173913,0.04020695652173913,0.012585057471264368,2ndQ,1,"(0.0155, 0.0164]",1stQ,0.0,"(-0.011, 0.0136]",4thQ,3.0,"(0.0128, 0.0163]",1stQ,0.0,"(0.0372, 0.0408]",2ndQ,1.0,"(0.0116, 0.0143]"
2012-04-30,0.01613090909090909,0.013592771084337348,0.013293103448275863,0.040877922077922076,0.012514285714285714,2ndQ,1,"(0.0155, 0.0164]",2ndQ,1.0,"(0.0136, 0.0168]",4thQ,3.0,"(0.0128, 0.0163]",2ndQ,1.0,"(0.0408, 0.0438]",2ndQ,1.0,"(0.0116, 0.0143]"
2012-05-31,0.01631450151057402,0.013867599999999999,0.01317948717948718,0.04062672413793103,0.012446590909090909,2ndQ,1,"(0.0155, 0.0164]",2ndQ,1.0,"(0.0136, 0.0168]",4thQ,3.0,"(0.0128, 0.0163]",1stQ,0.0,"(0.0372, 0.0408]",2ndQ,1.0,"(0.0116, 0.0143]"
2012-06-30,0.01586686746987952,0.013545019920318724,0.012711864406779662,0.040035193133047216,0.012184745762711863,2ndQ,1,"(0.0155, 0.0164]",1stQ,0.0,"(-0.011, 0.0136]",3rdQ,2.0,"(0.011, 0.0128]",1stQ,0.0,"(0.0372, 0.0408]",2ndQ,1.0,"(0.0116, 0.0143]"
2012-07-31,0.015955255255255256,0.013820238095238096,0.012436974789915966,0.039195299145299144,0.012358988764044943,2ndQ,1,"(0.0155, 0.0164]",2ndQ,1.0,"(0.0136, 0.0168]",3rdQ,2.0,"(0.011, 0.0128]",1stQ,0.0,"(0.0372, 0.0408]",2ndQ,1.0,"(0.0116, 0.0143]"
2012-08-31,0.01578263473053892,0.013833596837944665,0.012608333333333333,0.039525957446808514,0.012225698324022347,2ndQ,1,"(0.0155, 0.0164]",2ndQ,1.0,"(0.0136, 0.0168]",3rdQ,2.0,"(0.011, 0.0128]",1stQ,0.0,"(0.0372, 0.0408]",2ndQ,1.0,"(0.0116, 0.0143]"
2012-09-30,0.015605074626865672,0.013741732283464567,0.01256198347107438,0.03942033898305085,0.01203277777777778,2ndQ,1,"(0.0155, 0.0164]",2ndQ,1.0,"(0.0136, 0.0168]",3rdQ,2.0,"(0.011, 0.0128]",1stQ,0.0,"(0.0372, 0.0408]",2ndQ,1.0,"(0.0116, 0.0143]"
2012-10-31,0.015362500000000001,0.01337764705882353,0.012295081967213115,0.039542194092827,0.011825414364640885,1stQ,0,"(-0.111, 0.0155]",1stQ,0.0,"(-0.011, 0.0136]",3rdQ,2.0,"(0.011, 0.0128]",1stQ,0.0,"(0.0372, 0.0408]",2ndQ,1.0,"(0.0116, 0.0143]"
2012-11-30,0.015412759643916913,0.013336328125,0.01221951219512195,0.04000882352941176,0.011825274725274726,1stQ,0,"(-0.111, 0.0155]",1stQ,0.0,"(-0.011, 0.0136]",3rdQ,2.0,"(0.011, 0.0128]",1stQ,0.0,"(0.0372, 0.0408]",2ndQ,1.0,"(0.0116, 0.0143]"
2012-12-31,0.01544526627218935,0.01328171206225681,0.012274193548387097,0.039470292887029294,0.011843169398907104,1stQ,0,"(-0.111, 0.0155]",1stQ,0.0,"(-0.011, 0.0136]",3rdQ,2.0,"(0.011, 0.0128]",1stQ,0.0,"(0.0372, 0.0408]",2ndQ,1.0,"(0.0116, 0.0143]"
2013-01-31,0.015392920353982303,0.013356589147286822,0.012744,0.03903,0.011902173913043478,1stQ,0,"(-0.111, 0.0155]",1stQ,0.0,"(-0.011, 0.0136]",3rdQ,2.0,"(0.011, 0.0128]",1stQ,0.0,"(0.0372, 0.0408]",2ndQ,1.0,"(0.0116, 0.0143]"
2013-02-28,0.015841470588235294,0.013255984555984555,0.012587301587301588,0.03875477178423237,0.01181891891891892,2ndQ,1,"(0.0155, 0.0164]",1stQ,0.0,"(-0.011, 0.0136]",3rdQ,2.0,"(0.011, 0.0128]",1stQ,0.0,"(0.0372, 0.0408]",2ndQ,1.0,"(0.0116, 0.0143]"
2013-03-31,0.015889442815249268,0.013237692307692308,0.012582677165354331,0.038578099173553725,0.011866129032258066,2ndQ,1,"(0.0155, 0.0164]",1stQ,0.0,"(-0.011, 0.0136]",3rdQ,2.0,"(0.011, 0.0128]",1stQ,0.0,"(0.0372, 0.0408]",2ndQ,1.0,"(0.0116, 0.0143]"
2013-04-30,0.01615263157894737,0.013204214559386973,0.0121640625,0.03884074074074074,0.01196577540106952,2ndQ,1,"(0.0155, 0.0164]",1stQ,0.0,"(-0.011, 0.0136]",3rdQ,2.0,"(0.011, 0.0128]",1stQ,0.0,"(0.0372, 0.0408]",2ndQ,1.0,"(0.0116, 0.0143]"
2013-05-31,0.01591107871720117,0.012961832061068702,0.012333333333333333,0.038885245901639345,0.011803723404255319,2ndQ,1,"(0.0155, 0.0164]",1stQ,0.0,"(-0.011, 0.0136]",3rdQ,2.0,"(0.011, 0.0128]",1stQ,0.0,"(0.0372, 0.0408]",2ndQ,1.0,"(0.0116, 0.0143]"
2013-06-30,0.01581656976744186,0.012740304182509507,0.012038461538461538,0.039238775510204084,0.011625925925925925,2ndQ,1,"(0.0155, 0.0164]",1stQ,0.0,"(-0.011, 0.0136]",3rdQ,2.0,"(0.011, 0.0128]",1stQ,0.0,"(0.0372, 0.0408]",2ndQ,1.0,"(0.0116, 0.0143]"
2013-07-31,0.01575768115942029,0.012664393939393939,0.011740458015267175,0.03878943089430894,0.011502631578947367,2ndQ,1,"(0.0155, 0.0164]",1stQ,0.0,"(-0.011, 0.0136]",3rdQ,2.0,"(0.011, 0.0128]",1stQ,0.0,"(0.0372, 0.0408]",1stQ,0.0,"(-0.131, 0.0116]"
2013-08-31,0.015573121387283237,0.01263811320754717,0.011856060606060606,0.038184210526315786,0.011289528795811517,2ndQ,1,"(0.0155, 0.0164]",1stQ,0.0,"(-0.011, 0.0136]",3rdQ,2.0,"(0.011, 0.0128]",1stQ,0.0,"(0.0372, 0.0408]",1stQ,0.0,"(-0.131, 0.0116]"
2013-09-30,0.015396829971181556,0.012645864661654136,0.01137593984962406,0.03931491935483871,0.011391666666666666,1stQ,0,"(-0.111, 0.0155]",1stQ,0.0,"(-0.011, 0.0136]",3rdQ,2.0,"(0.011, 0.0128]",1stQ,0.0,"(0.0372, 0.0408]",1stQ,0.0,"(-0.131, 0.0116]"
2013-10-31,0.015519540229885059,0.012594756554307116,0.011119402985074626,0.03944618473895583,0.011476165803108809,2ndQ,1,"(0.0155, 0.0164]",1stQ,0.0,"(-0.011, 0.0136]",3rdQ,2.0,"(0.011, 0.0128]",1stQ,0.0,"(0.0372, 0.0408]",1stQ,0.0,"(-0.131, 0.0116]"
2013-11-30,0.01576160458452722,0.012692910447761194,0.011051851851851853,0.039445999999999995,0.011556185567010309,2ndQ,1,"(0.0155, 0.0164]",1stQ,0.0,"(-0.011, 0.0136]",3rdQ,2.0,"(0.011, 0.0128]",1stQ,0.0,"(0.0372, 0.0408]",1stQ,0.0,"(-0.131, 0.0116]"
2013-12-31,0.015842285714285715,0.01273271375464684,0.01100735294117647,0.039309163346613545,0.011523589743589744,2ndQ,1,"(0.0155, 0.0164]",1stQ,0.0,"(-0.011, 0.0136]",2ndQ,1.0,"(0.00975, 0.011]",1stQ,0.0,"(0.0372, 0.0408]",1stQ,0.0,"(-0.131, 0.0116]"
2014-01-31,0.01567321937321937,0.012597407407407408,0.010978102189781022,0.03982896825396825,0.011360714285714286,2ndQ,1,"(0.0155, 0.0164]",1stQ,0.0,"(-0.011, 0.0136]",2ndQ,1.0,"(0.00975, 0.011]",1stQ,0.0,"(0.0372, 0.0408]",1stQ,0.0,"(-0.131, 0.0116]"
2014-02-28,0.015578693181818181,0.012813284132841328,0.011195652173913042,0.04167075098814229,0.011419289340101522,2ndQ,1,"(0.0155, 0.0164]",1stQ,0.0,"(-0.011, 0.0136]",3rdQ,2.0,"(0.011, 0.0128]",2ndQ,1.0,"(0.0408, 0.0438]",1stQ,0.0,"(-0.131, 0.0116]"
2014-03-31,0.015480453257790369,0.012581617647058825,0.01102158273381295,0.04071692913385827,0.011332828282828283,1stQ,0,"(-0.111, 0.0155]",1stQ,0.0,"(-0.011, 0.0136]",2ndQ,1.0,"(0.00975, 0.011]",1stQ,0.0,"(0.0372, 0.0408]",1stQ,0.0,"(-0.131, 0.0116]"
2014-04-30,0.015499717514124295,0.012561904761904762,0.010971428571428571,0.040626666666666665,0.011366834170854271,2ndQ,1,"(0.0155, 0.0164]",1stQ,0.0,"(-0.011, 0.0136]",2ndQ,1.0,"(0.00975, 0.011]",1stQ,0.0,"(0.0372, 0.0408]",1stQ,0.0,"(-0.131, 0.0116]"
2014-05-31,0.015390422535211268,0.012578832116788322,0.010872340425531915,0.040578125,0.011406000000000001,1stQ,0,"(-0.111, 0.0155]",1stQ,0.0,"(-0.011, 0.0136]",2ndQ,1.0,"(0.00975, 0.011]",1stQ,0.0,"(0.0372, 0.0408]",1stQ,0.0,"(-0.131, 0.0116]"
2014-06-30,0.015460674157303372,0.012558545454545456,0.010640845070422535,0.040804669260700394,0.01135820895522388,1stQ,0,"(-0.111, 0.0155]",1stQ,0.0,"(-0.011, 0.0136]",2ndQ,1.0,"(0.00975, 0.011]",2ndQ,1.0,"(0.0408, 0.0438]",1stQ,0.0,"(-0.131, 0.0116]"
2014-07-31,0.015385994397759103,0.012355072463768116,0.010321678321678322,0.039890310077519385,0.011198514851485148,1stQ,0,"(-0.111, 0.0155]",1stQ,0.0,"(-0.011, 0.0136]",2ndQ,1.0,"(0.00975, 0.011]",1stQ,0.0,"(0.0372, 0.0408]",1stQ,0.0,"(-0.131, 0.0116]"
2014-08-31,0.01561759776536313,0.012505415162454873,0.010097222222222223,0.03987142857142857,0.011339408866995073,2ndQ,1,"(0.0155, 0.0164]",1stQ,0.0,"(-0.011, 0.0136]",2ndQ,1.0,"(0.00975, 0.011]",1stQ,0.0,"(0.0372, 0.0408]",1stQ,0.0,"(-0.131, 0.0116]"
2014-09-30,0.015770194986072423,0.012502158273381294,0.010262068965517242,0.04019769230769231,0.01126470588235294,2ndQ,1,"(0.0155, 0.0164]",1stQ,0.0,"(-0.011, 0.0136]",2ndQ,1.0,"(0.00975, 0.011]",1stQ,0.0,"(0.0372, 0.0408]",1stQ,0.0,"(-0.131, 0.0116]"
2014-10-31,0.0157325,0.012652329749103942,0.010171232876712328,0.04188965517241379,0.011382926829268293,2ndQ,1,"(0.0155, 0.0164]",1stQ,0.0,"(-0.011, 0.0136]",2ndQ,1.0,"(0.00975, 0.011]",2ndQ,1.0,"(0.0408, 0.0438]",1stQ,0.0,"(-0.131, 0.0116]"
2014-11-30,0.01606094182825485,0.012736785714285714,0.01065986394557823,0.04259847328244275,0.01158398058252427,2ndQ,1,"(0.0155, 0.0164]",1stQ,0.0,"(-0.011, 0.0136]",2ndQ,1.0,"(0.00975, 0.011]",2ndQ,1.0,"(0.0408, 0.0438]",2ndQ,1.0,"(0.0116, 0.0143]"
2014-12-31,0.016216022099447513,0.012744839857651246,0.010817567567567568,0.04288441064638784,0.011558937198067634,2ndQ,1,"(0.0155, 0.0164]",1stQ,0.0,"(-0.011, 0.0136]",2ndQ,1.0,"(0.00975, 0.011]",2ndQ,1.0,"(0.0408, 0.0438]",2ndQ,1.0,"(0.0116, 0.0143]"
2015-01-31,0.016406060606060605,0.012867021276595744,0.011174496644295302,0.04234734848484849,0.011642307692307693,2ndQ,1,"(0.0155, 0.0164]",1stQ,0.0,"(-0.011, 0.0136]",3rdQ,2.0,"(0.011, 0.0128]",2ndQ,1.0,"(0.0408, 0.0438]",2ndQ,1.0,"(0.0116, 0.0143]"
2015-02-28,0.01625467032967033,0.01280530035335689,0.010993333333333334,0.04201698113207548,0.011586124401913875,2ndQ,1,"(0.0155, 0.0164]",1stQ,0.0,"(-0.011, 0.0136]",2ndQ,1.0,"(0.00975, 0.011]",2ndQ,1.0,"(0.0408, 0.0438]",2ndQ,1.0,"(0.0116, 0.0143]"
2015-03-31,0.016464931506849318,0.012736971830985917,0.011165562913907284,0.041458646616541354,0.011628095238095238,3rdQ,2,"(0.0164, 0.0181]",1stQ,0.0,"(-0.011, 0.0136]",3rdQ,2.0,"(0.011, 0.0128]",2ndQ,1.0,"(0.0408, 0.0438]",2ndQ,1.0,"(0.0116, 0.0143]"
2015-04-30,0.016125409836065575,0.012634035087719297,0.010717105263157894,0.041280149812734084,0.011419431279620853,2ndQ,1,"(0.0155, 0.0164]",1stQ,0.0,"(-0.011, 0.0136]",2ndQ,1.0,"(0.00975, 0.011]",2ndQ,1.0,"(0.0408, 0.0438]",1stQ,0.0,"(-0.131, 0.0116]"
2015-05-31,0.01620817438692098,0.012664335664335663,0.010901960784313726,0.0423820895522388,0.011370754716981133,2ndQ,1,"(0.0155, 0.0164]",1stQ,0.0,"(-0.011, 0.0136]",2ndQ,1.0,"(0.00975, 0.011]",2ndQ,1.0,"(0.0408, 0.0438]",1stQ,0.0,"(-0.131, 0.0116]"
2015-06-30,0.01587282608695652,0.01245226480836237,0.010805194805194806,0.04197174721189591,0.011169483568075116,2ndQ,1,"(0.0155, 0.0164]",1stQ,0.0,"(-0.011, 0.0136]",2ndQ,1.0,"(0.00975, 0.011]",2ndQ,1.0,"(0.0408, 0.0438]",1stQ,0.0,"(-0.131, 0.0116]"
2015-07-31,0.016279674796747967,0.012416666666666666,0.010683870967741935,0.04178222222222222,0.011299532710280374,2ndQ,1,"(0.0155, 0.0164]",1stQ,0.0,"(-0.011, 0.0136]",2ndQ,1.0,"(0.00975, 0.011]",2ndQ,1.0,"(0.0408, 0.0438]",1stQ,0.0,"(-0.131, 0.0116]"
2015-08-31,0.01617054054054054,0.012211418685121107,0.010794871794871794,0.04137490774907749,0.011048372093023255,2ndQ,1,"(0.0155, 0.0164]",1stQ,0.0,"(-0.011, 0.0136]",2ndQ,1.0,"(0.00975, 0.011]",2ndQ,1.0,"(0.0408, 0.0438]",1stQ,0.0,"(-0.131, 0.0116]"
2015-09-30,0.016260916442048516,0.012274827586206896,0.010949044585987262,0.04175992647058824,0.01115787037037037,2ndQ,1,"(0.0155, 0.0164]",1stQ,0.0,"(-0.011, 0.0136]",2ndQ,1.0,"(0.00975, 0.011]",2ndQ,1.0,"(0.0408, 0.0438]",1stQ,0.0,"(-0.131, 0.0116]"
2015-10-31,0.016113709677419354,0.012209278350515464,0.011132911392405062,0.041405128205128205,0.011041013824884793,2ndQ,1,"(0.0155, 0.0164]",1stQ,0.0,"(-0.011, 0.0136]",3rdQ,2.0,"(0.011, 0.0128]",2ndQ,1.0,"(0.0408, 0.0438]",1stQ,0.0,"(-0.131, 0.0116]"
2015-11-30,0.016234048257372655,0.012222945205479452,0.011220125786163522,0.0419434306569343,0.011148165137614678,2ndQ,1,"(0.0155, 0.0164]",1stQ,0.0,"(-0.011, 0.0136]",3rdQ,2.0,"(0.011, 0.0128]",2ndQ,1.0,"(0.0408, 0.0438]",1stQ,0.0,"(-0.131, 0.0116]"
2015-12-31,0.016077272727272728,0.011928327645051195,0.010875,0.04131345454545455,0.01102511415525114,2ndQ,1,"(0.0155, 0.0164]",1stQ,0.0,"(-0.011, 0.0136]",2ndQ,1.0,"(0.00975, 0.011]",2ndQ,1.0,"(0.0408, 0.0438]",1stQ,0.0,"(-0.131, 0.0116]"
2016-01-31,0.016145333333333334,0.012151700680272109,0.010614906832298137,0.040444202898550725,0.011134545454545454,2ndQ,1,"(0.0155, 0.0164]",1stQ,0.0,"(-0.011, 0.0136]",2ndQ,1.0,"(0.00975, 0.011]",1stQ,0.0,"(0.0372, 0.0408]",1stQ,0.0,"(-0.131, 0.0116]"
2016-02-29,0.01616941489361702,0.012222372881355931,0.010493827160493827,0.04032779783393502,0.011163800904977376,2ndQ,1,"(0.0155, 0.0164]",1stQ,0.0,"(-0.011, 0.0136]",2ndQ,1.0,"(0.00975, 0.011]",1stQ,0.0,"(0.0372, 0.0408]",1stQ,0.0,"(-0.131, 0.0116]"
2016-03-31,0.016019363395225465,0.012109121621621621,0.010662576687116565,0.04062014388489209,0.010981981981981982,2ndQ,1,"(0.0155, 0.0164]",1stQ,0.0,"(-0.011, 0.0136]",2ndQ,1.0,"(0.00975, 0.011]",1stQ,0.0,"(0.0372, 0.0408]",1stQ,0.0,"(-0.131, 0.0116]"
2016-04-30,0.015887566137566138,0.01207878787878788,0.010957317073170731,0.04051935483870968,0.01086591928251121,2ndQ,1,"(0.0155, 0.0164]",1stQ,0.0,"(-0.011, 0.0136]",2ndQ,1.0,"(0.00975, 0.011]",1stQ,0.0,"(0.0372, 0.0408]",1stQ,0.0,"(-0.131, 0.0116]"
2016-05-31,0.01584986807387863,0.011969127516778524,0.010872727272727273,0.040171071428571424,0.010750446428571429,2ndQ,1,"(0.0155, 0.0164]",1stQ,0.0,"(-0.011, 0.0136]",2ndQ,1.0,"(0.00975, 0.011]",1stQ,0.0,"(0.0372, 0.0408]",1stQ,0.0,"(-0.131, 0.0116]"
2016-06-30,0.016135,0.01221438127090301,0.010987951807228917,0.04048042704626335,0.010934222222222222,2ndQ,1,"(0.0155, 0.0164]",1stQ,0.0,"(-0.011, 0.0136]",2ndQ,1.0,"(0.00975, 0.011]",1stQ,0.0,"(0.0372, 0.0408]",1stQ,0.0,"(-0.131, 0.0116]"
2016-07-31,0.016102624671916012,0.012172666666666667,0.011077844311377247,0.04074078014184398,0.010918141592920353,2ndQ,1,"(0.0155, 0.0164]",1stQ,0.0,"(-0.011, 0.0136]",3rdQ,2.0,"(0.011, 0.0128]",1stQ,0.0,"(0.0372, 0.0408]",1stQ,0.0,"(-0.131, 0.0116]"
2016-08-31,0.01596780104712042,0.011839867109634552,0.011125,0.040987985865724386,0.010794273127753303,2ndQ,1,"(0.0155, 0.0164]",1stQ,0.0,"(-0.011, 0.0136]",3rdQ,2.0,"(0.011, 0.0128]",2ndQ,1.0,"(0.0408, 0.0438]",1stQ,0.0,"(-0.131, 0.0116]"
2016-09-30,0.015964229765013056,0.011733112582781457,0.011260355029585799,0.04166549295774648,0.01073377192982456,2ndQ,1,"(0.0155, 0.0164]",1stQ,0.0,"(-0.011, 0.0136]",3rdQ,2.0,"(0.011, 0.0128]",2ndQ,1.0,"(0.0408, 0.0438]",1stQ,0.0,"(-0.131, 0.0116]"
2016-10-31,0.015605468749999999,0.011604950495049506,0.011047058823529412,0.04226105263157895,0.010571615720524018,2ndQ,1,"(0.0155, 0.0164]",1stQ,0.0,"(-0.011, 0.0136]",3rdQ,2.0,"(0.011, 0.0128]",2ndQ,1.0,"(0.0408, 0.0438]",1stQ,0.0,"(-0.131, 0.0116]"
2016-11-30,0.015468311688311689,0.011608552631578947,0.010947368421052631,0.04185664335664336,0.010472173913043477,1stQ,0,"(-0.111, 0.0155]",1stQ,0.0,"(-0.011, 0.0136]",2ndQ,1.0,"(0.00975, 0.011]",2ndQ,1.0,"(0.0408, 0.0438]",1stQ,0.0,"(-0.131, 0.0116]"
2016-12-31,0.015484455958549224,0.011691147540983606,0.010965116279069766,0.042498954703832754,0.010491774891774892,1stQ,0,"(-0.111, 0.0155]",1stQ,0.0,"(-0.011, 0.0136]",2ndQ,1.0,"(0.00975, 0.011]",2ndQ,1.0,"(0.0408, 0.0438]",1stQ,0.0,"(-0.131, 0.0116]"
2017-01-31,0.0154312661498708,0.011540196078431372,0.011028901734104046,0.042466666666666666,0.010398275862068965,1stQ,0,"(-0.111, 0.0155]",1stQ,0.0,"(-0.011, 0.0136]",3rdQ,2.0,"(0.011, 0.0128]",2ndQ,1.0,"(0.0408, 0.0438]",1stQ,0.0,"(-0.131, 0.0116]"
2017-02-28,0.015542783505154638,0.011464495114006514,0.010971264367816091,0.04268096885813149,0.01045107296137339,2ndQ,1,"(0.0155, 0.0164]",1stQ,0.0,"(-0.011, 0.0136]",2ndQ,1.0,"(0.00975, 0.011]",2ndQ,1.0,"(0.0408, 0.0438]",1stQ,0.0,"(-0.131, 0.0116]"
2017-03-31,0.01547866323907455,0.01136461038961039,0.010908571428571429,0.0423048275862069,0.010406837606837607,1stQ,0,"(-0.111, 0.0155]",1stQ,0.0,"(-0.011, 0.0136]",2ndQ,1.0,"(0.00975, 0.011]",2ndQ,1.0,"(0.0408, 0.0438]",1stQ,0.0,"(-0.131, 0.0116]"
2017-04-30,0.015431538461538462,0.011388349514563106,0.010857954545454546,0.04300171821305842,0.010332340425531916,1stQ,0,"(-0.111, 0.0155]",1stQ,0.0,"(-0.011, 0.0136]",2ndQ,1.0,"(0.00975, 0.011]",2ndQ,1.0,"(0.0408, 0.0438]",1stQ,0.0,"(-0.131, 0.0116]"
2017-05-31,0.015373145780051152,0.011358387096774194,0.010723163841807909,0.0422,0.010296610169491526,1stQ,0,"(-0.111, 0.0155]",1stQ,0.0,"(-0.011, 0.0136]",2ndQ,1.0,"(0.00975, 0.011]",2ndQ,1.0,"(0.0408, 0.0438]",1stQ,0.0,"(-0.131, 0.0116]"
2017-06-30,0.015253826530612245,0.01139710610932476,0.010601123595505618,0.041626962457337886,0.010174261603375527,1stQ,0,"(-0.111, 0.0155]",1stQ,0.0,"(-0.011, 0.0136]",2ndQ,1.0,"(0.00975, 0.011]",2ndQ,1.0,"(0.0408, 0.0438]",1stQ,0.0,"(-0.131, 0.0116]"
2017-07-31,0.015150381679389313,0.01134326923076923,0.010424581005586592,0.04199387755102041,0.010127310924369748,1stQ,0,"(-0.111, 0.0155]",1stQ,0.0,"(-0.011, 0.0136]",2ndQ,1.0,"(0.00975, 0.011]",2ndQ,1.0,"(0.0408, 0.0438]",1stQ,0.0,"(-0.131, 0.0116]"
2017-08-31,0.015099746192893402,0.011338019169329073,0.010477777777777777,0.04215627118644068,0.010192050209205022,1stQ,0,"(-0.111, 0.0155]",1stQ,0.0,"(-0.011, 0.0136]",2ndQ,1.0,"(0.00975, 0.011]",2ndQ,1.0,"(0.0408, 0.0438]",1stQ,0.0,"(-0.131, 0.0116]"
2017-09-30,0.0150673417721519,0.011296178343949045,0.01049171270718232,0.04190472972972973,0.01007875,1stQ,0,"(-0.111, 0.0155]",1stQ,0.0,"(-0.011, 0.0136]",2ndQ,1.0,"(0.00975, 0.011]",2ndQ,1.0,"(0.0408, 0.0438]",1stQ,0.0,"(-0.131, 0.0116]"
2017-10-31,0.01538560606060606,0.01137079365079365,0.010236263736263736,0.0411962962962963,0.010198340248962654,1stQ,0,"(-0.111, 0.0155]",1stQ,0.0,"(-0.011, 0.0136]",2ndQ,1.0,"(0.00975, 0.011]",2ndQ,1.0,"(0.0408, 0.0438]",1stQ,0.0,"(-0.131, 0.0116]"
2017-11-30,0.015431989924433249,0.011270253164556961,0.010174863387978142,0.04086107382550336,0.010169834710743801,1stQ,0,"(-0.111, 0.0155]",1stQ,0.0,"(-0.011, 0.0136]",2ndQ,1.0,"(0.00975, 0.011]",2ndQ,1.0,"(0.0408, 0.0438]",1stQ,0.0,"(-0.131, 0.0116]"
2017-12-31,0.01554748743718593,0.011341955835962146,0.010858695652173914,0.040706020066889635,0.010260493827160494,2ndQ,1,"(0.0155, 0.0164]",1stQ,0.0,"(-0.011, 0.0136]",2ndQ,1.0,"(0.00975, 0.011]",1stQ,0.0,"(0.0372, 0.0408]",1stQ,0.0,"(-0.131, 0.0116]"
2018-01-31,0.01577719298245614,0.011576100628930818,0.012286486486486487,0.04125433333333334,0.010376229508196722,2ndQ,1,"(0.0155, 0.0164]",1stQ,0.0,"(-0.011, 0.0136]",3rdQ,2.0,"(0.011, 0.0128]",2ndQ,1.0,"(0.0408, 0.0438]",1stQ,0.0,"(-0.131, 0.0116]"
2018-02-28,0.015246250000000001,0.011447021943573669,0.012150537634408603,0.04131860465116279,0.01010530612244898,1stQ,0,"(-0.111, 0.0155]",1stQ,0.0,"(-0.011, 0.0136]",3rdQ,2.0,"(0.011, 0.0128]",2ndQ,1.0,"(0.0408, 0.0438]",1stQ,0.0,"(-0.131, 0.0116]"
2018-03-31,0.015198753117206984,0.0113846875,0.012267379679144385,0.04109900662251656,0.010052845528455284,1stQ,0,"(-0.111, 0.0155]",1stQ,0.0,"(-0.011, 0.0136]",3rdQ,2.0,"(0.011, 0.0128]",2ndQ,1.0,"(0.0408, 0.0438]",1stQ,0.0,"(-0.131, 0.0116]"
2018-04-30,0.015305223880597015,0.011328660436137072,0.012574468085106382,0.04096765676567657,0.010081781376518219,1stQ,0,"(-0.111, 0.0155]",1stQ,0.0,"(-0.011, 0.0136]",3rdQ,2.0,"(0.011, 0.0128]",2ndQ,1.0,"(0.0408, 0.0438]",1stQ,0.0,"(-0.131, 0.0116]"
2018-05-31,0.015099007444168734,0.01124782608695652,0.01319047619047619,0.041057236842105264,0.009972580645161289,1stQ,0,"(-0.111, 0.0155]",1stQ,0.0,"(-0.011, 0.0136]",4thQ,3.0,"(0.0128, 0.0163]",2ndQ,1.0,"(0.0408, 0.0438]",1stQ,0.0,"(-0.131, 0.0116]"
2018-06-30,0.01509579207920792,0.011221052631578948,0.01341578947368421,0.04051475409836066,0.01008875502008032,1stQ,0,"(-0.111, 0.0155]",1stQ,0.0,"(-0.011, 0.0136]",4thQ,3.0,"(0.0128, 0.0163]",1stQ,0.0,"(0.0372, 0.0408]",1stQ,0.0,"(-0.131, 0.0116]"
2018-07-31,0.015020493827160494,0.011291358024691358,0.014785340314136124,0.04105686274509804,0.0100616,1stQ,0,"(-0.111, 0.0155]",1stQ,0.0,"(-0.011, 0.0136]",4thQ,3.0,"(0.0128, 0.0163]",2ndQ,1.0,"(0.0408, 0.0438]",1stQ,0.0,"(-0.131, 0.0116]"
2018-08-31,0.015074876847290641,0.011520615384615384,0.014640624999999999,0.041231270358306184,0.01014980079681275,1stQ,0,"(-0.111, 0.0155]",1stQ,0.0,"(-0.011, 0.0136]",4thQ,3.0,"(0.0128, 0.0163]",2ndQ,1.0,"(0.0408, 0.0438]",1stQ,0.0,"(-0.131, 0.0116]"
2018-09-30,0.015102457002457003,0.011394478527607362,0.014740932642487048,0.04104058441558441,0.010262301587301587,1stQ,0,"(-0.111, 0.0155]",1stQ,0.0,"(-0.011, 0.0136]",4thQ,3.0,"(0.0128, 0.0163]",2ndQ,1.0,"(0.0408, 0.0438]",1stQ,0.0,"(-0.131, 0.0116]"
2018-10-31,0.014772303921568627,0.011333639143730888,0.015025773195876288,0.040362135922330095,0.010000395256916997,1stQ,0,"(-0.111, 0.0155]",1stQ,0.0,"(-0.011, 0.0136]",4thQ,3.0,"(0.0128, 0.0163]",1stQ,0.0,"(0.0372, 0.0408]",1stQ,0.0,"(-0.131, 0.0116]"
2018-11-30,0.01459315403422983,0.011278963414634146,0.01561025641025641,0.040219032258064516,0.009949999999999999,1stQ,0,"(-0.111, 0.0155]",1stQ,0.0,"(-0.011, 0.0136]",4thQ,3.0,"(0.0128, 0.0163]",1stQ,0.0,"(0.0372, 0.0408]",1stQ,0.0,"(-0.131, 0.0116]"
2018-12-31,0.014654146341463416,0.0112,0.015816326530612244,0.04030546623794212,0.009978431372549019,1stQ,0,"(-0.111, 0.0155]",1stQ,0.0,"(-0.011, 0.0136]",4thQ,3.0,"(0.0128, 0.0163]",1stQ,0.0,"(0.0372, 0.0408]",1stQ,0.0,"(-0.131, 0.0116]"
2019-01-31,0.014534793187347931,0.011173939393939394,0.015730964467005077,0.040163461538461544,0.009935546875,1stQ,0,"(-0.111, 0.0155]",1stQ,0.0,"(-0.011, 0.0136]",4thQ,3.0,"(0.0128, 0.0163]",1stQ,0.0,"(0.0372, 0.0408]",1stQ,0.0,"(-0.131, 0.0116]"
2019-02-28,0.014595631067961164,0.011242900302114804,0.01633838383838384,0.04024952076677316,0.009996498054474709,1stQ,0,"(-0.111, 0.0155]",1stQ,0.0,"(-0.011, 0.0136]",4thQ,3.0,"(0.0128, 0.0163]",1stQ,0.0,"(0.0372, 0.0408]",1stQ,0.0,"(-0.131, 0.0116]"
